<?xml version='1.0' encoding='UTF-8'?>
<annotation>
  <info type="id" value="0146"/>
  <info type="schema" value="polarity"/>
  <info type="annotator" value="m"/>
  <info type="source" value="0030"/>
  <info type="source-corpus" value="paragraphs"/>
  <unit id="0362">
    <ann type="polarity" value="NE"/>
    <ann type="entity" value="ALCKMIN"/>
  </unit>
  <unit id="0363">
    <ann type="polarity" value="PO"/>
    <ann type="entity" value="ALCKMIN"/>
  </unit>
  <unit id="0364">
    <ann type="polarity" value="NG"/>
    <ann type="entity" value="RENAN CALHEIROS"/>
  </unit>
  <unit id="0365">
    <ann type="polarity" value="NG"/>
    <ann type="entity" value="EDUARDO CAMPOS"/>
  </unit>
  <unit id="0366">
    <ann type="polarity" value="NG"/>
    <ann type="entity" value="JOÃO VACCARI NETO"/>
  </unit>
  <unit id="0367">
    <ann type="polarity" value="NE"/>
    <ann type="entity" value="AÉCIO NEVES"/>
  </unit>
  <unit id="0368">
    <ann type="polarity" value="PO"/>
    <ann type="entity" value="ALCKMIN"/>
  </unit>
  <unit id="0369">
    <ann type="polarity" value=""/>
    <ann type="entity" value=""/>
  </unit>
  <unit id="0370">
    <ann type="polarity" value=""/>
    <ann type="entity" value=""/>
  </unit>
</annotation>
