<?xml version='1.0' encoding='UTF-8'?>
<annotation>
  <info type="id" value="0003"/>
  <info type="schema" value="polarity"/>
  <info type="annotator" value="a2"/>
  <info type="source" value="0001"/>
  <info type="source-corpus" value="paragraphs"/>
  <mark unit="0001">
    <ann type="polarity" value="NG"/>
    <ann type="entity" value="DILMA"/>
  </mark>
  <mark unit="0002">
    <ann type="polarity" value=""/>
    <ann type="entity" value=""/>
  </mark>
  <mark unit="0003">
    <ann type="polarity" value=""/>
    <ann type="entity" value=""/>
  </mark>
  <mark unit="0004">
    <ann type="polarity" value="NE"/>
    <ann type="entity" value="DILMA"/>
  </mark>
  <mark unit="0005">
    <ann type="polarity" value="NE"/>
    <ann type="entity" value="AÉCIO NEVES"/>
  </mark>
  <mark unit="0006">
    <ann type="polarity" value="NE"/>
    <ann type="entity" value="MARINA"/>
  </mark>
  <mark unit="0007">
    <ann type="polarity" value=""/>
    <ann type="entity" value=""/>
  </mark>
  <mark unit="0008">
    <ann type="polarity" value="NG"/>
    <ann type="entity" value="DILMA"/>
  </mark>
  <mark unit="0009">
    <ann type="polarity" value=""/>
    <ann type="entity" value=""/>
  </mark>
  <mark unit="0010">
    <ann type="polarity" value=""/>
    <ann type="entity" value=""/>
  </mark>
  <mark unit="0011">
    <ann type="polarity" value=""/>
    <ann type="entity" value=""/>
  </mark>
  <mark unit="0012">
    <ann type="polarity" value=""/>
    <ann type="entity" value=""/>
  </mark>
  <mark unit="0013">
    <ann type="polarity" value=""/>
    <ann type="entity" value=""/>
  </mark>
</annotation>
