<?xml version='1.0' encoding='UTF-8'?>
<annotation>
  <info type="id" value="0046"/>
  <info type="schema" value="polarity"/>
  <info type="annotator" value="m"/>
  <info type="source" value="0010"/>
  <info type="source-corpus" value="paragraphs"/>
  <unit id="0101">
    <ann type="polarity" value="NE"/>
    <ann type="entity" value="DILMA"/>
  </unit>
  <unit id="0102">
    <ann type="polarity" value="NE"/>
    <ann type="entity" value="DILMA"/>
  </unit>
  <unit id="0103">
    <ann type="polarity" value="NE"/>
    <ann type="entity" value="ALEXANDRE PADILHA"/>
  </unit>
  <unit id="0104">
    <ann type="polarity" value="NG"/>
    <ann type="entity" value="DILMA"/>
  </unit>
  <unit id="0105">
    <ann type="polarity" value="NG"/>
    <ann type="entity" value="DILMA"/>
  </unit>
  <unit id="0106">
    <ann type="polarity" value="NG"/>
    <ann type="entity" value="EDUARDO CAMPOS"/>
  </unit>
  <unit id="0107">
    <ann type="polarity" value="PO"/>
    <ann type="entity" value="DILMA"/>
  </unit>
  <unit id="0108">
    <ann type="polarity" value="PO"/>
    <ann type="entity" value="DILMA"/>
  </unit>
  <unit id="0109">
    <ann type="polarity" value="PO"/>
    <ann type="entity" value="DILMA"/>
  </unit>
  <unit id="0110">
    <ann type="polarity" value="PO"/>
    <ann type="entity" value="DILMA"/>
  </unit>
</annotation>
