<?xml version='1.0' encoding='UTF-8'?>
<annotation>
  <info type="id" value="0208"/>
  <info type="schema" value="polarity"/>
  <info type="annotator" value="a2"/>
  <info type="source" value="0042"/>
  <info type="source-corpus" value="paragraphs"/>
  <mark unit="0518">
    <ann type="polarity" value="NE"/>
    <ann type="entity" value="SKAF"/>
  </mark>
  <mark unit="0519">
    <ann type="polarity" value="PO"/>
    <ann type="entity" value="SKAF"/>
  </mark>
  <mark unit="0520">
    <ann type="polarity" value="PO"/>
    <ann type="entity" value="SKAF"/>
  </mark>
  <mark unit="0521">
    <ann type="polarity" value="PO"/>
    <ann type="entity" value="SKAF"/>
  </mark>
  <mark unit="0522">
    <ann type="polarity" value="NE"/>
    <ann type="entity" value="SKAF"/>
  </mark>
  <mark unit="0523">
    <ann type="polarity" value="NE"/>
    <ann type="entity" value="SKAF"/>
  </mark>
  <mark unit="0524">
    <ann type="polarity" value="PO"/>
    <ann type="entity" value="SKAF"/>
  </mark>
  <mark unit="0525">
    <ann type="polarity" value=""/>
    <ann type="entity" value=""/>
  </mark>
  <mark unit="0526">
    <ann type="polarity" value=""/>
    <ann type="entity" value=""/>
  </mark>
</annotation>
