<?xml version='1.0' encoding='UTF-8'?>
<annotation>
  <info type="id" value="0176"/>
  <info type="schema" value="polarity"/>
  <info type="annotator" value="m"/>
  <info type="source" value="0036"/>
  <info type="source-corpus" value="paragraphs"/>
  <unit id="0423">
    <ann type="polarity" value="NG"/>
    <ann type="entity" value="EDUARDO CAMPOS"/>
  </unit>
  <unit id="0424">
    <ann type="polarity" value="NG"/>
    <ann type="entity" value="MARINA"/>
  </unit>
  <unit id="0425">
    <ann type="polarity" value="NG"/>
    <ann type="entity" value="EDUARDO CAMPOS"/>
  </unit>
  <unit id="0426">
    <ann type="polarity" value="PO"/>
    <ann type="entity" value="EDUARDO CAMPOS"/>
  </unit>
  <unit id="0427">
    <ann type="polarity" value="PO"/>
    <ann type="entity" value="MARINA"/>
  </unit>
  <unit id="0428">
    <ann type="polarity" value="PO"/>
    <ann type="entity" value="MARINA"/>
  </unit>
  <unit id="0429">
    <ann type="polarity" value="NG"/>
    <ann type="entity" value="LULA"/>
  </unit>
</annotation>
