<?xml version='1.0' encoding='UTF-8'?>
<annotation>
  <info type="id" value="0236"/>
  <info type="schema" value="polarity"/>
  <info type="annotator" value="m"/>
  <info type="source" value="0048"/>
  <info type="source-corpus" value="paragraphs"/>
  <unit id="0585">
    <ann type="polarity" value="NG"/>
    <ann type="entity" value="DILMA"/>
  </unit>
  <unit id="0586">
    <ann type="polarity" value="NG"/>
    <ann type="entity" value="DILMA"/>
  </unit>
  <unit id="0587">
    <ann type="polarity" value="NG"/>
    <ann type="entity" value="DILMA"/>
  </unit>
  <unit id="0588">
    <ann type="polarity" value="PO"/>
    <ann type="entity" value="AÉCIO NEVES"/>
  </unit>
</annotation>
