<?xml version='1.0' encoding='UTF-8'?>
<annotation>
  <info type="id" value="0096"/>
  <info type="schema" value="polarity"/>
  <info type="annotator" value="m"/>
  <info type="source" value="0020"/>
  <info type="source-corpus" value="paragraphs"/>
  <unit id="0201">
    <ann type="polarity" value="NE"/>
    <ann type="entity" value="TEMER"/>
  </unit>
  <unit id="0202">
    <ann type="polarity" value="NG"/>
    <ann type="entity" value="DILMA"/>
  </unit>
  <unit id="0203">
    <ann type="polarity" value=""/>
    <ann type="entity" value=""/>
  </unit>
  <unit id="0204">
    <ann type="polarity" value="NE"/>
    <ann type="entity" value="TEMER"/>
  </unit>
  <unit id="0205">
    <ann type="polarity" value="NE"/>
    <ann type="entity" value="HENRIQUE EDUARDO ALVES"/>
  </unit>
  <unit id="0206">
    <ann type="polarity" value="NE"/>
    <ann type="entity" value="ROMERO JUCÁ"/>
  </unit>
  <unit id="0207">
    <ann type="polarity" value="NG"/>
    <ann type="entity" value="ROSEANA SARNEY"/>
  </unit>
  <unit id="0208">
    <ann type="polarity" value="NE"/>
    <ann type="entity" value="JOÃO VACCARI NETO"/>
  </unit>
  <unit id="0209">
    <ann type="polarity" value="NG"/>
    <ann type="entity" value="MÁRIO NEGROMONTE"/>
  </unit>
  <unit id="0210">
    <ann type="polarity" value=""/>
    <ann type="entity" value=""/>
  </unit>
  <unit id="0211">
    <ann type="polarity" value=""/>
    <ann type="entity" value=""/>
  </unit>
</annotation>
