<?xml version='1.0' encoding='UTF-8'?>
<annotation>
  <info type="id" value="0201"/>
  <info type="schema" value="polarity"/>
  <info type="annotator" value="m"/>
  <info type="source" value="0041"/>
  <info type="source-corpus" value="paragraphs"/>
  <unit id="0496">
    <ann type="polarity" value="PO"/>
    <ann type="entity" value="ROMERO JUCÁ"/>
  </unit>
  <unit id="0497">
    <ann type="polarity" value="PO"/>
    <ann type="entity" value="ROMERO JUCÁ"/>
  </unit>
  <unit id="0498">
    <ann type="polarity" value=""/>
    <ann type="entity" value=""/>
  </unit>
  <unit id="0499">
    <ann type="polarity" value=""/>
    <ann type="entity" value=""/>
  </unit>
  <unit id="0500">
    <ann type="polarity" value=""/>
    <ann type="entity" value=""/>
  </unit>
  <unit id="0501">
    <ann type="polarity" value="NE"/>
    <ann type="entity" value="VITAL REGO"/>
  </unit>
  <unit id="0502">
    <ann type="polarity" value="NE"/>
    <ann type="entity" value="VITAL REGO"/>
  </unit>
  <unit id="0503">
    <ann type="polarity" value="NE"/>
    <ann type="entity" value="VITAL REGO"/>
  </unit>
  <unit id="0504">
    <ann type="polarity" value=""/>
    <ann type="entity" value=""/>
  </unit>
  <unit id="0505">
    <ann type="polarity" value=""/>
    <ann type="entity" value=""/>
  </unit>
  <unit id="0506">
    <ann type="polarity" value="NE"/>
    <ann type="entity" value="VITAL REGO"/>
  </unit>
  <unit id="0507">
    <ann type="polarity" value="NE"/>
    <ann type="entity" value="RUBENS BUENO"/>
  </unit>
  <unit id="0508">
    <ann type="polarity" value="NE"/>
    <ann type="entity" value="DILMA"/>
  </unit>
  <unit id="0509">
    <ann type="polarity" value=""/>
    <ann type="entity" value=""/>
  </unit>
  <unit id="0510">
    <ann type="polarity" value="NE"/>
    <ann type="entity" value="DILMA"/>
  </unit>
  <unit id="0511">
    <ann type="polarity" value="NG"/>
    <ann type="entity" value="DILMA"/>
  </unit>
  <unit id="0512">
    <ann type="polarity" value="PO"/>
    <ann type="entity" value="AÉCIO NEVES"/>
  </unit>
  <unit id="0513">
    <ann type="polarity" value="NE"/>
    <ann type="entity" value="DILMA"/>
  </unit>
  <unit id="0514">
    <ann type="polarity" value=""/>
    <ann type="entity" value=""/>
  </unit>
  <unit id="0515">
    <ann type="polarity" value="NE"/>
    <ann type="entity" value="MENDONÇA FILHO"/>
  </unit>
  <unit id="0516">
    <ann type="polarity" value=""/>
    <ann type="entity" value=""/>
  </unit>
  <unit id="0517">
    <ann type="polarity" value=""/>
    <ann type="entity" value=""/>
  </unit>
</annotation>
