<?xml version='1.0' encoding='UTF-8'?>
<annotation>
  <info type="id" value="0064"/>
  <info type="schema" value="polarity"/>
  <info type="annotator" value="a3"/>
  <info type="source" value="0013"/>
  <info type="source-corpus" value="paragraphs"/>
  <mark unit="0128">
    <ann type="polarity" value="NG"/>
    <ann type="entity" value="PAULO ROBERTO DA COSTA"/>
  </mark>
  <mark unit="0129">
    <ann type="polarity" value="NG"/>
    <ann type="entity" value="DILMA"/>
  </mark>
  <mark unit="0130">
    <ann type="polarity" value="NG"/>
    <ann type="entity" value="PAULO ROBERTO DA COSTA"/>
  </mark>
  <mark unit="0131">
    <ann type="polarity" value=""/>
    <ann type="entity" value=""/>
  </mark>
  <mark unit="0132">
    <ann type="polarity" value="NG"/>
    <ann type="entity" value="PAULO ROBERTO DA COSTA"/>
  </mark>
  <mark unit="0133">
    <ann type="polarity" value="NG"/>
    <ann type="entity" value="PAULO ROBERTO DA COSTA"/>
  </mark>
  <mark unit="0134">
    <ann type="polarity" value="NG"/>
    <ann type="entity" value="JOÃO VACCARI NETO"/>
  </mark>
  <mark unit="0135">
    <ann type="polarity" value="NG"/>
    <ann type="entity" value="ROSEANA SARNEY"/>
  </mark>
  <mark unit="0136">
    <ann type="polarity" value="NG"/>
    <ann type="entity" value="RENAN CALHEIROS"/>
  </mark>
  <mark unit="0137">
    <ann type="polarity" value=""/>
    <ann type="entity" value=""/>
  </mark>
  <mark unit="0138">
    <ann type="polarity" value="NG"/>
    <ann type="entity" value="EDISON LOBÃO"/>
  </mark>
  <mark unit="0139">
    <ann type="polarity" value=""/>
    <ann type="entity" value=""/>
  </mark>
  <mark unit="0140">
    <ann type="polarity" value=""/>
    <ann type="entity" value=""/>
  </mark>
  <mark unit="0141">
    <ann type="polarity" value=""/>
    <ann type="entity" value=""/>
  </mark>
  <mark unit="0142">
    <ann type="polarity" value=""/>
    <ann type="entity" value=""/>
  </mark>
  <mark unit="0143">
    <ann type="polarity" value="NG"/>
    <ann type="entity" value="PAULO ROBERTO DA COSTA"/>
  </mark>
  <mark unit="0144">
    <ann type="polarity" value="NG"/>
    <ann type="entity" value="EDISON LOBÃO"/>
  </mark>
  <mark unit="0145">
    <ann type="polarity" value="NG"/>
    <ann type="entity" value="PAULO ROBERTO DA COSTA"/>
  </mark>
  <mark unit="0146">
    <ann type="polarity" value=""/>
    <ann type="entity" value=""/>
  </mark>
  <mark unit="0147">
    <ann type="polarity" value=""/>
    <ann type="entity" value=""/>
  </mark>
  <mark unit="0148">
    <ann type="polarity" value="NG"/>
    <ann type="entity" value="EDISON LOBÃO"/>
  </mark>
  <mark unit="0149">
    <ann type="polarity" value="NG"/>
    <ann type="entity" value="SÉRGIO CABRAL"/>
  </mark>
  <mark unit="0150">
    <ann type="polarity" value=""/>
    <ann type="entity" value=""/>
  </mark>
  <mark unit="0151">
    <ann type="polarity" value=""/>
    <ann type="entity" value=""/>
  </mark>
  <mark unit="0152">
    <ann type="polarity" value=""/>
    <ann type="entity" value=""/>
  </mark>
  <mark unit="0153">
    <ann type="polarity" value=""/>
    <ann type="entity" value=""/>
  </mark>
  <mark unit="0154">
    <ann type="polarity" value=""/>
    <ann type="entity" value=""/>
  </mark>
</annotation>
