<?xml version='1.0' encoding='UTF-8'?>
<annotation>
  <info type="id" value="0156"/>
  <info type="schema" value="polarity"/>
  <info type="annotator" value="m"/>
  <info type="source" value="0032"/>
  <info type="source-corpus" value="paragraphs"/>
  <unit id="0383">
    <ann type="polarity" value=""/>
    <ann type="entity" value=""/>
  </unit>
  <unit id="0384">
    <ann type="polarity" value=""/>
    <ann type="entity" value=""/>
  </unit>
  <unit id="0385">
    <ann type="polarity" value=""/>
    <ann type="entity" value=""/>
  </unit>
  <unit id="0386">
    <ann type="polarity" value="NE"/>
    <ann type="entity" value="ALCKMIN"/>
  </unit>
  <unit id="0387">
    <ann type="polarity" value=""/>
    <ann type="entity" value=""/>
  </unit>
  <unit id="0388">
    <ann type="polarity" value=""/>
    <ann type="entity" value=""/>
  </unit>
</annotation>
