<?xml version='1.0' encoding='UTF-8'?>
<annotation>
  <info type="id" value="0211"/>
  <info type="schema" value="polarity"/>
  <info type="annotator" value="m"/>
  <info type="source" value="0043"/>
  <info type="source-corpus" value="paragraphs"/>
  <unit id="0527">
    <ann type="polarity" value=""/>
    <ann type="entity" value=""/>
  </unit>
  <unit id="0528">
    <ann type="polarity" value=""/>
    <ann type="entity" value=""/>
  </unit>
  <unit id="0529">
    <ann type="polarity" value=""/>
    <ann type="entity" value=""/>
  </unit>
  <unit id="0530">
    <ann type="polarity" value=""/>
    <ann type="entity" value=""/>
  </unit>
  <unit id="0531">
    <ann type="polarity" value=""/>
    <ann type="entity" value=""/>
  </unit>
  <unit id="0532">
    <ann type="polarity" value=""/>
    <ann type="entity" value=""/>
  </unit>
</annotation>
