<?xml version='1.0' encoding='UTF-8'?>
<annotation>
  <info type="id" value="0029"/>
  <info type="schema" value="polarity"/>
  <info type="annotator" value="a3"/>
  <info type="source" value="0006"/>
  <info type="source-corpus" value="paragraphs"/>
  <mark unit="0055">
    <ann type="polarity" value="PO"/>
    <ann type="entity" value="ALEXANDRE PADILHA"/>
  </mark>
  <mark unit="0056">
    <ann type="polarity" value="PO"/>
    <ann type="entity" value="ALEXANDRE PADILHA"/>
  </mark>
  <mark unit="0057">
    <ann type="polarity" value="PO"/>
    <ann type="entity" value="LULA"/>
  </mark>
  <mark unit="0058">
    <ann type="polarity" value="NG"/>
    <ann type="entity" value="ALEXANDRE PADILHA"/>
  </mark>
  <mark unit="0059">
    <ann type="polarity" value="PO"/>
    <ann type="entity" value="ALEXANDRE PADILHA"/>
  </mark>
  <mark unit="0060">
    <ann type="polarity" value="PO"/>
    <ann type="entity" value="ALEXANDRE PADILHA"/>
  </mark>
  <mark unit="0061">
    <ann type="polarity" value="PO"/>
    <ann type="entity" value="ALEXANDRE PADILHA"/>
  </mark>
  <mark unit="0062">
    <ann type="polarity" value="NG"/>
    <ann type="entity" value="DILMA"/>
  </mark>
  <mark unit="0063">
    <ann type="polarity" value="NG"/>
    <ann type="entity" value="ALEXANDRE PADILHA"/>
  </mark>
  <mark unit="0064">
    <ann type="polarity" value="NG"/>
    <ann type="entity" value="DILMA"/>
  </mark>
  <mark unit="0065">
    <ann type="polarity" value="NG"/>
    <ann type="entity" value="ALEXANDRE PADILHA"/>
  </mark>
  <mark unit="0066">
    <ann type="polarity" value="NG"/>
    <ann type="entity" value="SKAF"/>
  </mark>
  <mark unit="0067">
    <ann type="polarity" value="NG"/>
    <ann type="entity" value="ALEXANDRE PADILHA"/>
  </mark>
  <mark unit="0068">
    <ann type="polarity" value="NG"/>
    <ann type="entity" value="ALEXANDRE PADILHA"/>
  </mark>
</annotation>
