<?xml version='1.0' encoding='UTF-8'?>
<annotation>
  <info type="id" value="0136"/>
  <info type="schema" value="polarity"/>
  <info type="annotator" value="m"/>
  <info type="source" value="0028"/>
  <info type="source-corpus" value="paragraphs"/>
  <unit id="0337">
    <ann type="polarity" value=""/>
    <ann type="entity" value=""/>
  </unit>
  <unit id="0338">
    <ann type="polarity" value="PO"/>
    <ann type="entity" value="DILMA"/>
  </unit>
  <unit id="0339">
    <ann type="polarity" value="PO"/>
    <ann type="entity" value="DILMA"/>
  </unit>
  <unit id="0340">
    <ann type="polarity" value="NG"/>
    <ann type="entity" value="MARINA"/>
  </unit>
  <unit id="0341">
    <ann type="polarity" value="NG"/>
    <ann type="entity" value="MARINA"/>
  </unit>
  <unit id="0342">
    <ann type="polarity" value="NG"/>
    <ann type="entity" value="MARINA"/>
  </unit>
  <unit id="0343">
    <ann type="polarity" value="PO"/>
    <ann type="entity" value="DILMA"/>
  </unit>
  <unit id="0344">
    <ann type="polarity" value="NE"/>
    <ann type="entity" value="DILMA"/>
  </unit>
  <unit id="0345">
    <ann type="polarity" value="PO"/>
    <ann type="entity" value="DILMA"/>
  </unit>
  <unit id="0346">
    <ann type="polarity" value="NE"/>
    <ann type="entity" value="DILMA"/>
  </unit>
  <unit id="0347">
    <ann type="polarity" value="NE"/>
    <ann type="entity" value="DILMA"/>
  </unit>
  <unit id="0348">
    <ann type="polarity" value="NG"/>
    <ann type="entity" value="DILMA"/>
  </unit>
  <unit id="0349">
    <ann type="polarity" value="NG"/>
    <ann type="entity" value="DILMA"/>
  </unit>
  <unit id="0350">
    <ann type="polarity" value="NE"/>
    <ann type="entity" value="DILMA"/>
  </unit>
  <unit id="0351">
    <ann type="polarity" value="NG"/>
    <ann type="entity" value="RENAN CALHEIROS"/>
  </unit>
  <unit id="0352">
    <ann type="polarity" value=""/>
    <ann type="entity" value=""/>
  </unit>
  <unit id="0353">
    <ann type="polarity" value=""/>
    <ann type="entity" value=""/>
  </unit>
  <unit id="0354">
    <ann type="polarity" value=""/>
    <ann type="entity" value=""/>
  </unit>
</annotation>
