<?xml version='1.0' encoding='UTF-8'?>
<annotation>
  <info type="id" value="0221"/>
  <info type="schema" value="polarity"/>
  <info type="annotator" value="m"/>
  <info type="source" value="0045"/>
  <info type="source-corpus" value="paragraphs"/>
  <unit id="0554">
    <ann type="polarity" value="NE"/>
    <ann type="entity" value="ROSSETTO"/>
  </unit>
  <unit id="0555">
    <ann type="polarity" value="NE"/>
    <ann type="entity" value="DILMA"/>
  </unit>
  <unit id="0556">
    <ann type="polarity" value="NE"/>
    <ann type="entity" value="RUI FALCÃO"/>
  </unit>
  <unit id="0557">
    <ann type="polarity" value="NE"/>
    <ann type="entity" value="ROSSETTO"/>
  </unit>
  <unit id="0558">
    <ann type="polarity" value="NE"/>
    <ann type="entity" value="DILMA"/>
  </unit>
  <unit id="0559">
    <ann type="polarity" value="PO"/>
    <ann type="entity" value="ROSSETTO"/>
  </unit>
  <unit id="0560">
    <ann type="polarity" value="NE"/>
    <ann type="entity" value="DILMA"/>
  </unit>
  <unit id="0561">
    <ann type="polarity" value="PO"/>
    <ann type="entity" value="ROSSETTO"/>
  </unit>
  <unit id="0562">
    <ann type="polarity" value="NE"/>
    <ann type="entity" value="ROSSETTO"/>
  </unit>
  <unit id="0563">
    <ann type="polarity" value=""/>
    <ann type="entity" value=""/>
  </unit>
  <unit id="0564">
    <ann type="polarity" value="NE"/>
    <ann type="entity" value="ROSSETTO"/>
  </unit>
</annotation>
