<?xml version='1.0' encoding='UTF-8'?>
<annotation>
  <info type="id" value="0216"/>
  <info type="schema" value="polarity"/>
  <info type="annotator" value="m"/>
  <info type="source" value="0044"/>
  <info type="source-corpus" value="paragraphs"/>
  <unit id="0533">
    <ann type="polarity" value="NE"/>
    <ann type="entity" value="ALCKMIN"/>
  </unit>
  <unit id="0534">
    <ann type="polarity" value=""/>
    <ann type="entity" value=""/>
  </unit>
  <unit id="0535">
    <ann type="polarity" value=""/>
    <ann type="entity" value=""/>
  </unit>
  <unit id="0536">
    <ann type="polarity" value="NE"/>
    <ann type="entity" value="ALCKMIN"/>
  </unit>
  <unit id="0537">
    <ann type="polarity" value="NE"/>
    <ann type="entity" value="ALEXANDRE PADILHA"/>
  </unit>
  <unit id="0538">
    <ann type="polarity" value=""/>
    <ann type="entity" value=""/>
  </unit>
  <unit id="0539">
    <ann type="polarity" value="NE"/>
    <ann type="entity" value="ALCKMIN"/>
  </unit>
  <unit id="0540">
    <ann type="polarity" value="NE"/>
    <ann type="entity" value="SKAF"/>
  </unit>
  <unit id="0541">
    <ann type="polarity" value="NE"/>
    <ann type="entity" value="WAGNER FARIAS"/>
  </unit>
  <unit id="0542">
    <ann type="polarity" value=""/>
    <ann type="entity" value=""/>
  </unit>
  <unit id="0543">
    <ann type="polarity" value="NE"/>
    <ann type="entity" value="ALEXANDRE PADILHA"/>
  </unit>
  <unit id="0544">
    <ann type="polarity" value=""/>
    <ann type="entity" value=""/>
  </unit>
  <unit id="0545">
    <ann type="polarity" value="NE"/>
    <ann type="entity" value="ALEXANDRE PADILHA"/>
  </unit>
  <unit id="0546">
    <ann type="polarity" value="NE"/>
    <ann type="entity" value="ALCKMIN"/>
  </unit>
  <unit id="0547">
    <ann type="polarity" value="NE"/>
    <ann type="entity" value="LAÉRCIO BENKO"/>
  </unit>
  <unit id="0548">
    <ann type="polarity" value="NE"/>
    <ann type="entity" value="GILBERTO NATALINI"/>
  </unit>
  <unit id="0549">
    <ann type="polarity" value="NE"/>
    <ann type="entity" value="GILBERTO MARINGONI"/>
  </unit>
  <unit id="0550">
    <ann type="polarity" value="NE"/>
    <ann type="entity" value="WALTER CIGLIONI"/>
  </unit>
  <unit id="0551">
    <ann type="polarity" value="NE"/>
    <ann type="entity" value="SKAF"/>
  </unit>
  <unit id="0552">
    <ann type="polarity" value="NE"/>
    <ann type="entity" value="RAIMUNDO SENA"/>
  </unit>
  <unit id="0553">
    <ann type="polarity" value="NE"/>
    <ann type="entity" value="WAGNER FARIAS"/>
  </unit>
</annotation>
