<?xml version='1.0' encoding='UTF-8'?>
<annotation>
  <info type="id" value="0151"/>
  <info type="schema" value="polarity"/>
  <info type="annotator" value="m"/>
  <info type="source" value="0031"/>
  <info type="source-corpus" value="paragraphs"/>
  <unit id="0371">
    <ann type="polarity" value="NG"/>
    <ann type="entity" value="MARINA"/>
  </unit>
  <unit id="0372">
    <ann type="polarity" value="PO"/>
    <ann type="entity" value="MARINA"/>
  </unit>
  <unit id="0373">
    <ann type="polarity" value="PO"/>
    <ann type="entity" value="MARINA"/>
  </unit>
  <unit id="0374">
    <ann type="polarity" value="NG"/>
    <ann type="entity" value="MARINA"/>
  </unit>
  <unit id="0375">
    <ann type="polarity" value="NG"/>
    <ann type="entity" value="MARINA"/>
  </unit>
  <unit id="0376">
    <ann type="polarity" value="NE"/>
    <ann type="entity" value="MARINA"/>
  </unit>
  <unit id="0377">
    <ann type="polarity" value="PO"/>
    <ann type="entity" value="MARINA"/>
  </unit>
  <unit id="0378">
    <ann type="polarity" value="PO"/>
    <ann type="entity" value="MARINA"/>
  </unit>
  <unit id="0379">
    <ann type="polarity" value="PO"/>
    <ann type="entity" value="MARINA"/>
  </unit>
  <unit id="0380">
    <ann type="polarity" value="PO"/>
    <ann type="entity" value="MARINA"/>
  </unit>
  <unit id="0381">
    <ann type="polarity" value="PO"/>
    <ann type="entity" value="MARINA"/>
  </unit>
  <unit id="0382">
    <ann type="polarity" value="PO"/>
    <ann type="entity" value="MARINA"/>
  </unit>
</annotation>
