<?xml version='1.0' encoding='UTF-8'?>
<annotation>
  <info type="id" value="0061"/>
  <info type="schema" value="polarity"/>
  <info type="annotator" value="m"/>
  <info type="source" value="0013"/>
  <info type="source-corpus" value="paragraphs"/>
  <unit id="0128">
    <ann type="polarity" value="NE"/>
    <ann type="entity" value="PAULO ROBERTO DA COSTA"/>
  </unit>
  <unit id="0129">
    <ann type="polarity" value="NE"/>
    <ann type="entity" value="PAULO ROBERTO DA COSTA"/>
  </unit>
  <unit id="0130">
    <ann type="polarity" value="NG"/>
    <ann type="entity" value="PAULO ROBERTO DA COSTA"/>
  </unit>
  <unit id="0131">
    <ann type="polarity" value=""/>
    <ann type="entity" value=""/>
  </unit>
  <unit id="0132">
    <ann type="polarity" value="NG"/>
    <ann type="entity" value="PAULO ROBERTO DA COSTA"/>
  </unit>
  <unit id="0133">
    <ann type="polarity" value="NG"/>
    <ann type="entity" value="PAULO ROBERTO DA COSTA"/>
  </unit>
  <unit id="0134">
    <ann type="polarity" value="NG"/>
    <ann type="entity" value="JOÃO VACCARI NETO"/>
  </unit>
  <unit id="0135">
    <ann type="polarity" value="NG"/>
    <ann type="entity" value="ROSEANA SARNEY"/>
  </unit>
  <unit id="0136">
    <ann type="polarity" value="NE"/>
    <ann type="entity" value="RENAN CALHEIROS"/>
  </unit>
  <unit id="0137">
    <ann type="polarity" value=""/>
    <ann type="entity" value=""/>
  </unit>
  <unit id="0138">
    <ann type="polarity" value=""/>
    <ann type="entity" value=""/>
  </unit>
  <unit id="0139">
    <ann type="polarity" value="NG"/>
    <ann type="entity" value="PAULO ROBERTO DA COSTA"/>
  </unit>
  <unit id="0140">
    <ann type="polarity" value="NG"/>
    <ann type="entity" value="PAULO ROBERTO DA COSTA"/>
  </unit>
  <unit id="0141">
    <ann type="polarity" value="NG"/>
    <ann type="entity" value="PAULO ROBERTO DA COSTA"/>
  </unit>
  <unit id="0142">
    <ann type="polarity" value=""/>
    <ann type="entity" value=""/>
  </unit>
  <unit id="0143">
    <ann type="polarity" value="NE"/>
    <ann type="entity" value="PAULO ROBERTO DA COSTA"/>
  </unit>
  <unit id="0144">
    <ann type="polarity" value="NG"/>
    <ann type="entity" value="EDISON LOBÃO"/>
  </unit>
  <unit id="0145">
    <ann type="polarity" value="NE"/>
    <ann type="entity" value="PAULO ROBERTO DA COSTA"/>
  </unit>
  <unit id="0146">
    <ann type="polarity" value=""/>
    <ann type="entity" value=""/>
  </unit>
  <unit id="0147">
    <ann type="polarity" value=""/>
    <ann type="entity" value=""/>
  </unit>
  <unit id="0148">
    <ann type="polarity" value="NG"/>
    <ann type="entity" value="EDISON LOBÃO"/>
  </unit>
  <unit id="0149">
    <ann type="polarity" value="NG"/>
    <ann type="entity" value="SÉRGIO CABRAL"/>
  </unit>
  <unit id="0150">
    <ann type="polarity" value="NG"/>
    <ann type="entity" value="PAULO ROBERTO DA COSTA"/>
  </unit>
  <unit id="0151">
    <ann type="polarity" value="NG"/>
    <ann type="entity" value="PAULO ROBERTO DA COSTA"/>
  </unit>
  <unit id="0152">
    <ann type="polarity" value=""/>
    <ann type="entity" value=""/>
  </unit>
  <unit id="0153">
    <ann type="polarity" value=""/>
    <ann type="entity" value=""/>
  </unit>
  <unit id="0154">
    <ann type="polarity" value=""/>
    <ann type="entity" value=""/>
  </unit>
</annotation>
