<?xml version='1.0' encoding='UTF-8'?>
<annotation>
  <info type="id" value="0097"/>
  <info type="schema" value="polarity"/>
  <info type="annotator" value="a1"/>
  <info type="source" value="0020"/>
  <info type="source-corpus" value="paragraphs"/>
  <mark unit="0201">
    <ann type="polarity" value="NE"/>
    <ann type="entity" value="TEMER"/>
  </mark>
  <mark unit="0202">
    <ann type="polarity" value="NE"/>
    <ann type="entity" value="TEMER"/>
  </mark>
  <mark unit="0203">
    <ann type="polarity" value="NG"/>
    <ann type="entity" value="PAULO ROBERTO DA COSTA"/>
  </mark>
  <mark unit="0204">
    <ann type="polarity" value="NE"/>
    <ann type="entity" value="TEMER"/>
  </mark>
  <mark unit="0205">
    <ann type="polarity" value="NE"/>
    <ann type="entity" value="HENRIQUE EDUARDO ALVES"/>
  </mark>
  <mark unit="0206">
    <ann type="polarity" value="NE"/>
    <ann type="entity" value="ROMERO JUCÁ"/>
  </mark>
  <mark unit="0207">
    <ann type="polarity" value="NE"/>
    <ann type="entity" value="ROSEANA SARNEY"/>
  </mark>
  <mark unit="0208">
    <ann type="polarity" value="NE"/>
    <ann type="entity" value="JOÃO VACCARI NETO"/>
  </mark>
  <mark unit="0209">
    <ann type="polarity" value="NG"/>
    <ann type="entity" value="MÁRIO NEGROMONTE"/>
  </mark>
  <mark unit="0210">
    <ann type="polarity" value=""/>
    <ann type="entity" value=""/>
  </mark>
  <mark unit="0211">
    <ann type="polarity" value="NE"/>
    <ann type="entity" value="PAULO ROBERTO DA COSTA"/>
  </mark>
</annotation>
