<?xml version='1.0' encoding='UTF-8'?>
<annotation>
  <info type="id" value="0091"/>
  <info type="schema" value="polarity"/>
  <info type="annotator" value="m"/>
  <info type="source" value="0019"/>
  <info type="source-corpus" value="paragraphs"/>
  <unit id="0195">
    <ann type="polarity" value="NE"/>
    <ann type="entity" value="EDUARDO CAMPOS"/>
  </unit>
  <unit id="0196">
    <ann type="polarity" value="NG"/>
    <ann type="entity" value="EDUARDO CAMPOS"/>
  </unit>
  <unit id="0197">
    <ann type="polarity" value="PO"/>
    <ann type="entity" value="MARINA"/>
  </unit>
  <unit id="0198">
    <ann type="polarity" value="NG"/>
    <ann type="entity" value="DILMA"/>
  </unit>
  <unit id="0199">
    <ann type="polarity" value="PO"/>
    <ann type="entity" value="EDUARDO CAMPOS"/>
  </unit>
  <unit id="0200">
    <ann type="polarity" value="PO"/>
    <ann type="entity" value="ROBERTO AMARAL"/>
  </unit>
</annotation>
