<?xml version='1.0' encoding='UTF-8'?>
<annotation>
  <info type="id" value="0095"/>
  <info type="schema" value="polarity"/>
  <info type="annotator" value="a4"/>
  <info type="source" value="0019"/>
  <info type="source-corpus" value="paragraphs"/>
  <mark unit="0195">
    <ann type="polarity" value="NE"/>
    <ann type="entity" value="EDUARDO CAMPOS"/>
  </mark>
  <mark unit="0196">
    <ann type="polarity" value="NG"/>
    <ann type="entity" value="EDUARDO CAMPOS"/>
  </mark>
  <mark unit="0197">
    <ann type="polarity" value="PO"/>
    <ann type="entity" value="MARINA"/>
  </mark>
  <mark unit="0198">
    <ann type="polarity" value="NG"/>
    <ann type="entity" value="DILMA"/>
  </mark>
  <mark unit="0199">
    <ann type="polarity" value=""/>
    <ann type="entity" value=""/>
  </mark>
  <mark unit="0200">
    <ann type="polarity" value="PO"/>
    <ann type="entity" value="ROBERTO AMARAL"/>
  </mark>
</annotation>
