<?xml version='1.0' encoding='UTF-8'?>
<annotation>
  <info type="id" value="0205"/>
  <info type="schema" value="polarity"/>
  <info type="annotator" value="a4"/>
  <info type="source" value="0041"/>
  <info type="source-corpus" value="paragraphs"/>
  <mark unit="0496">
    <ann type="polarity" value="PO"/>
    <ann type="entity" value="ROMERO JUCÁ"/>
  </mark>
  <mark unit="0497">
    <ann type="polarity" value="PO"/>
    <ann type="entity" value="ROMERO JUCÁ"/>
  </mark>
  <mark unit="0498">
    <ann type="polarity" value=""/>
    <ann type="entity" value=""/>
  </mark>
  <mark unit="0499">
    <ann type="polarity" value=""/>
    <ann type="entity" value=""/>
  </mark>
  <mark unit="0500">
    <ann type="polarity" value=""/>
    <ann type="entity" value=""/>
  </mark>
  <mark unit="0501">
    <ann type="polarity" value="NE"/>
    <ann type="entity" value="VITAL DO RÊGO"/>
  </mark>
  <mark unit="0502">
    <ann type="polarity" value="NE"/>
    <ann type="entity" value="VITAL DO RÊGO"/>
  </mark>
  <mark unit="0503">
    <ann type="polarity" value=""/>
    <ann type="entity" value=""/>
  </mark>
  <mark unit="0504">
    <ann type="polarity" value=""/>
    <ann type="entity" value=""/>
  </mark>
  <mark unit="0505">
    <ann type="polarity" value=""/>
    <ann type="entity" value=""/>
  </mark>
  <mark unit="0506">
    <ann type="polarity" value=""/>
    <ann type="entity" value=""/>
  </mark>
  <mark unit="0507">
    <ann type="polarity" value="NE"/>
    <ann type="entity" value="BUENO"/>
  </mark>
  <mark unit="0508">
    <ann type="polarity" value="NE"/>
    <ann type="entity" value="DILMA"/>
  </mark>
  <mark unit="0509">
    <ann type="polarity" value=""/>
    <ann type="entity" value=""/>
  </mark>
  <mark unit="0510">
    <ann type="polarity" value="PO"/>
    <ann type="entity" value="DILMA"/>
  </mark>
  <mark unit="0511">
    <ann type="polarity" value="NG"/>
    <ann type="entity" value="DILMA"/>
  </mark>
  <mark unit="0512">
    <ann type="polarity" value="PO"/>
    <ann type="entity" value="AÉCIO NEVES"/>
  </mark>
  <mark unit="0513">
    <ann type="polarity" value="NG"/>
    <ann type="entity" value="DILMA"/>
  </mark>
  <mark unit="0514">
    <ann type="polarity" value=""/>
    <ann type="entity" value=""/>
  </mark>
  <mark unit="0515">
    <ann type="polarity" value="PO"/>
    <ann type="entity" value="MENDONÇA FILHO"/>
  </mark>
  <mark unit="0516">
    <ann type="polarity" value="NE"/>
    <ann type="entity" value="MENDONÇA FILHO"/>
  </mark>
  <mark unit="0517">
    <ann type="polarity" value=""/>
    <ann type="entity" value=""/>
  </mark>
</annotation>
