<?xml version='1.0' encoding='UTF-8'?>
<annotation>
  <info type="id" value="0186"/>
  <info type="schema" value="polarity"/>
  <info type="annotator" value="m"/>
  <info type="source" value="0038"/>
  <info type="source-corpus" value="paragraphs"/>
  <unit id="0442">
    <ann type="polarity" value=""/>
    <ann type="entity" value=""/>
  </unit>
  <unit id="0443">
    <ann type="polarity" value="PO"/>
    <ann type="entity" value="MARINA"/>
  </unit>
  <unit id="0444">
    <ann type="polarity" value=""/>
    <ann type="entity" value=""/>
  </unit>
  <unit id="0445">
    <ann type="polarity" value="PO"/>
    <ann type="entity" value="MARINA"/>
  </unit>
  <unit id="0446">
    <ann type="polarity" value="NG"/>
    <ann type="entity" value="DILMA"/>
  </unit>
  <unit id="0447">
    <ann type="polarity" value="NE"/>
    <ann type="entity" value="MARINA"/>
  </unit>
  <unit id="0448">
    <ann type="polarity" value="PO"/>
    <ann type="entity" value="MARINA"/>
  </unit>
  <unit id="0449">
    <ann type="polarity" value="PO"/>
    <ann type="entity" value="MARINA"/>
  </unit>
  <unit id="0450">
    <ann type="polarity" value=""/>
    <ann type="entity" value=""/>
  </unit>
  <unit id="0451">
    <ann type="polarity" value="NG"/>
    <ann type="entity" value="EDUARDO SUPLICY"/>
  </unit>
</annotation>
