<?xml version='1.0' encoding='UTF-8'?>
<annotation>
  <info type="id" value="0234"/>
  <info type="schema" value="polarity"/>
  <info type="annotator" value="a3"/>
  <info type="source" value="0047"/>
  <info type="source-corpus" value="paragraphs"/>
  <mark unit="0578">
    <ann type="polarity" value="NG"/>
    <ann type="entity" value="MARINA"/>
  </mark>
  <mark unit="0579">
    <ann type="polarity" value="PO"/>
    <ann type="entity" value="DILMA"/>
  </mark>
  <mark unit="0580">
    <ann type="polarity" value="NE"/>
    <ann type="entity" value="MARINA"/>
  </mark>
  <mark unit="0581">
    <ann type="polarity" value="PO"/>
    <ann type="entity" value="DILMA"/>
  </mark>
  <mark unit="0582">
    <ann type="polarity" value="PO"/>
    <ann type="entity" value="DILMA"/>
  </mark>
  <mark unit="0583">
    <ann type="polarity" value=""/>
    <ann type="entity" value=""/>
  </mark>
  <mark unit="0584">
    <ann type="polarity" value=""/>
    <ann type="entity" value=""/>
  </mark>
</annotation>
