<?xml version='1.0' encoding='UTF-8'?>
<annotation>
  <info type="id" value="0036"/>
  <info type="schema" value="polarity"/>
  <info type="annotator" value="m"/>
  <info type="source" value="0008"/>
  <info type="source-corpus" value="paragraphs"/>
  <unit id="0080">
    <ann type="polarity" value="NG"/>
    <ann type="entity" value="SÉRGIO CABRAL"/>
  </unit>
  <unit id="0081">
    <ann type="polarity" value="NG"/>
    <ann type="entity" value="SÉRGIO CABRAL"/>
  </unit>
  <unit id="0082">
    <ann type="polarity" value="PO"/>
    <ann type="entity" value="SÉRGIO CABRAL"/>
  </unit>
  <unit id="0083">
    <ann type="polarity" value="NE"/>
    <ann type="entity" value="SÉRGIO CABRAL"/>
  </unit>
  <unit id="0084">
    <ann type="polarity" value="PO"/>
    <ann type="entity" value="MARINA"/>
  </unit>
  <unit id="0085">
    <ann type="polarity" value="NG"/>
    <ann type="entity" value="JOÃO VACCARI NETO"/>
  </unit>
  <unit id="0086">
    <ann type="polarity" value="PO"/>
    <ann type="entity" value="DILMA"/>
  </unit>
  <unit id="0087">
    <ann type="polarity" value=""/>
    <ann type="entity" value=""/>
  </unit>
  <unit id="0088">
    <ann type="polarity" value="NG"/>
    <ann type="entity" value="RENAN CALHEIROS"/>
  </unit>
  <unit id="0089">
    <ann type="polarity" value="NE"/>
    <ann type="entity" value="TEMER"/>
  </unit>
  <unit id="0090">
    <ann type="polarity" value=""/>
    <ann type="entity" value=""/>
  </unit>
  <unit id="0091">
    <ann type="polarity" value="NG"/>
    <ann type="entity" value="CIRO NOGUEIRA"/>
  </unit>
  <unit id="0092">
    <ann type="polarity" value="NE"/>
    <ann type="entity" value="CIRO NOGUEIRA"/>
  </unit>
</annotation>
