<?xml version='1.0' encoding='UTF-8'?>
<annotation>
  <info type="id" value="0068"/>
  <info type="schema" value="polarity"/>
  <info type="annotator" value="a2"/>
  <info type="source" value="0014"/>
  <info type="source-corpus" value="paragraphs"/>
  <mark unit="0155">
    <ann type="polarity" value="NE"/>
    <ann type="entity" value="DILMA"/>
  </mark>
  <mark unit="0156">
    <ann type="polarity" value="NE"/>
    <ann type="entity" value="DILMA"/>
  </mark>
  <mark unit="0157">
    <ann type="polarity" value="NG"/>
    <ann type="entity" value="DILMA"/>
  </mark>
  <mark unit="0158">
    <ann type="polarity" value="NG"/>
    <ann type="entity" value="DILMA"/>
  </mark>
  <mark unit="0159">
    <ann type="polarity" value="NG"/>
    <ann type="entity" value="DILMA"/>
  </mark>
  <mark unit="0160">
    <ann type="polarity" value="NG"/>
    <ann type="entity" value="DILMA"/>
  </mark>
  <mark unit="0161">
    <ann type="polarity" value="NG"/>
    <ann type="entity" value="DILMA"/>
  </mark>
  <mark unit="0162">
    <ann type="polarity" value="NG"/>
    <ann type="entity" value="DILMA"/>
  </mark>
  <mark unit="0163">
    <ann type="polarity" value="NE"/>
    <ann type="entity" value="DILMA"/>
  </mark>
  <mark unit="0164">
    <ann type="polarity" value="NE"/>
    <ann type="entity" value="DILMA"/>
  </mark>
  <mark unit="0165">
    <ann type="polarity" value="NG"/>
    <ann type="entity" value="MARINA"/>
  </mark>
</annotation>
