<?xml version='1.0' encoding='UTF-8'?>
<annotation>
  <info type="id" value="0177"/>
  <info type="schema" value="polarity"/>
  <info type="annotator" value="a1"/>
  <info type="source" value="0036"/>
  <info type="source-corpus" value="paragraphs"/>
  <mark unit="0423">
    <ann type="polarity" value="NG"/>
    <ann type="entity" value="EDUARDO CAMPOS"/>
  </mark>
  <mark unit="0424">
    <ann type="polarity" value="PO"/>
    <ann type="entity" value="BETO ALBUQUERQUE"/>
  </mark>
  <mark unit="0425">
    <ann type="polarity" value="NG"/>
    <ann type="entity" value="PAULO ROBERTO DA COSTA"/>
  </mark>
  <mark unit="0426">
    <ann type="polarity" value="NE"/>
    <ann type="entity" value="EDUARDO CAMPOS"/>
  </mark>
  <mark unit="0427">
    <ann type="polarity" value="PO"/>
    <ann type="entity" value="MARINA"/>
  </mark>
  <mark unit="0428">
    <ann type="polarity" value="PO"/>
    <ann type="entity" value="MARINA"/>
  </mark>
  <mark unit="0429">
    <ann type="polarity" value="NE"/>
    <ann type="entity" value="MARINA"/>
  </mark>
</annotation>
