<?xml version='1.0' encoding='UTF-8'?>
<annotation>
  <info type="id" value="0088"/>
  <info type="schema" value="polarity"/>
  <info type="annotator" value="a2"/>
  <info type="source" value="0018"/>
  <info type="source-corpus" value="paragraphs"/>
  <mark unit="0184">
    <ann type="polarity" value="NE"/>
    <ann type="entity" value="PAULO ROBERTO DA COSTA"/>
  </mark>
  <mark unit="0185">
    <ann type="polarity" value=""/>
    <ann type="entity" value=""/>
  </mark>
  <mark unit="0186">
    <ann type="polarity" value=""/>
    <ann type="entity" value=""/>
  </mark>
  <mark unit="0187">
    <ann type="polarity" value="NG"/>
    <ann type="entity" value="HENRIQUE EDUARDO ALVES"/>
  </mark>
  <mark unit="0188">
    <ann type="polarity" value="NG"/>
    <ann type="entity" value="DILMA"/>
  </mark>
  <mark unit="0189">
    <ann type="polarity" value="NG"/>
    <ann type="entity" value="MARINA"/>
  </mark>
  <mark unit="0190">
    <ann type="polarity" value="NE"/>
    <ann type="entity" value="AÉCIO NEVES"/>
  </mark>
  <mark unit="0191">
    <ann type="polarity" value=""/>
    <ann type="entity" value=""/>
  </mark>
  <mark unit="0192">
    <ann type="polarity" value="PO"/>
    <ann type="entity" value="AÉCIO NEVES"/>
  </mark>
  <mark unit="0193">
    <ann type="polarity" value="NE"/>
    <ann type="entity" value="AÉCIO NEVES"/>
  </mark>
  <mark unit="0194">
    <ann type="polarity" value=""/>
    <ann type="entity" value=""/>
  </mark>
</annotation>
