<?xml version='1.0' encoding='UTF-8'?>
<annotation>
  <info type="id" value="0001"/>
  <info type="schema" value="polarity"/>
  <info type="annotator" value="m"/>
  <info type="source" value="0001"/>
  <info type="source-corpus" value="paragraphs"/>
  <unit id="0001">
    <ann type="polarity" value="NE"/>
    <ann type="entity" value="DILMA"/>
  </unit>
  <unit id="0002">
    <ann type="polarity" value=""/>
    <ann type="entity" value=""/>
  </unit>
  <unit id="0003">
    <ann type="polarity" value=""/>
    <ann type="entity" value=""/>
  </unit>
  <unit id="0004">
    <ann type="polarity" value="NE"/>
    <ann type="entity" value="DILMA"/>
  </unit>
  <unit id="0005">
    <ann type="polarity" value="NE"/>
    <ann type="entity" value="AÉCIO NEVES"/>
  </unit>
  <unit id="0006">
    <ann type="polarity" value="NE"/>
    <ann type="entity" value="MARINA"/>
  </unit>
  <unit id="0007">
    <ann type="polarity" value=""/>
    <ann type="entity" value=""/>
  </unit>
  <unit id="0008">
    <ann type="polarity" value="NE"/>
    <ann type="entity" value="DILMA"/>
  </unit>
  <unit id="0009">
    <ann type="polarity" value=""/>
    <ann type="entity" value=""/>
  </unit>
  <unit id="0010">
    <ann type="polarity" value=""/>
    <ann type="entity" value=""/>
  </unit>
  <unit id="0011">
    <ann type="polarity" value=""/>
    <ann type="entity" value=""/>
  </unit>
  <unit id="0012">
    <ann type="polarity" value=""/>
    <ann type="entity" value=""/>
  </unit>
  <unit id="0013">
    <ann type="polarity" value=""/>
    <ann type="entity" value=""/>
  </unit>
</annotation>
