<?xml version='1.0' encoding='UTF-8'?>
<annotation>
  <info type="id" value="0226"/>
  <info type="schema" value="polarity"/>
  <info type="annotator" value="m"/>
  <info type="source" value="0046"/>
  <info type="source-corpus" value="paragraphs"/>
  <unit id="0565">
    <ann type="polarity" value="PO"/>
    <ann type="entity" value="AÉCIO NEVES"/>
  </unit>
  <unit id="0566">
    <ann type="polarity" value="PO"/>
    <ann type="entity" value="AÉCIO NEVES"/>
  </unit>
  <unit id="0567">
    <ann type="polarity" value="NG"/>
    <ann type="entity" value="DILMA"/>
  </unit>
  <unit id="0568">
    <ann type="polarity" value="NG"/>
    <ann type="entity" value="DILMA"/>
  </unit>
  <unit id="0569">
    <ann type="polarity" value="NG"/>
    <ann type="entity" value="DILMA"/>
  </unit>
  <unit id="0570">
    <ann type="polarity" value="NG"/>
    <ann type="entity" value="DILMA"/>
  </unit>
  <unit id="0571">
    <ann type="polarity" value="NG"/>
    <ann type="entity" value="DILMA"/>
  </unit>
  <unit id="0572">
    <ann type="polarity" value="NE"/>
    <ann type="entity" value="AÉCIO NEVES"/>
  </unit>
  <unit id="0573">
    <ann type="polarity" value="NE"/>
    <ann type="entity" value="AÉCIO NEVES"/>
  </unit>
  <unit id="0574">
    <ann type="polarity" value=""/>
    <ann type="entity" value=""/>
  </unit>
  <unit id="0575">
    <ann type="polarity" value=""/>
    <ann type="entity" value=""/>
  </unit>
  <unit id="0576">
    <ann type="polarity" value=""/>
    <ann type="entity" value=""/>
  </unit>
  <unit id="0577">
    <ann type="polarity" value=""/>
    <ann type="entity" value=""/>
  </unit>
</annotation>
