<?xml version='1.0' encoding='UTF-8'?>
<annotation>
  <info type="id" value="0192"/>
  <info type="schema" value="polarity"/>
  <info type="annotator" value="a1"/>
  <info type="source" value="0039"/>
  <info type="source-corpus" value="paragraphs"/>
  <mark unit="0452">
    <ann type="polarity" value="NE"/>
    <ann type="entity" value="MARINA"/>
  </mark>
  <mark unit="0453">
    <ann type="polarity" value="NE"/>
    <ann type="entity" value="MARINA"/>
  </mark>
  <mark unit="0454">
    <ann type="polarity" value="PO"/>
    <ann type="entity" value="DILMA"/>
  </mark>
  <mark unit="0455">
    <ann type="polarity" value="NE"/>
    <ann type="entity" value="DILMA"/>
  </mark>
  <mark unit="0456">
    <ann type="polarity" value="NE"/>
    <ann type="entity" value="DILMA"/>
  </mark>
  <mark unit="0457">
    <ann type="polarity" value="NE"/>
    <ann type="entity" value="DILMA"/>
  </mark>
  <mark unit="0458">
    <ann type="polarity" value=""/>
    <ann type="entity" value=""/>
  </mark>
  <mark unit="0459">
    <ann type="polarity" value="PO"/>
    <ann type="entity" value="DILMA"/>
  </mark>
  <mark unit="0460">
    <ann type="polarity" value="NE"/>
    <ann type="entity" value="DILMA"/>
  </mark>
  <mark unit="0461">
    <ann type="polarity" value="PO"/>
    <ann type="entity" value="DILMA"/>
  </mark>
  <mark unit="0462">
    <ann type="polarity" value="PO"/>
    <ann type="entity" value="DILMA"/>
  </mark>
  <mark unit="0463">
    <ann type="polarity" value="PO"/>
    <ann type="entity" value="DILMA"/>
  </mark>
  <mark unit="0464">
    <ann type="polarity" value="NE"/>
    <ann type="entity" value="DILMA"/>
  </mark>
  <mark unit="0465">
    <ann type="polarity" value="PO"/>
    <ann type="entity" value="DILMA"/>
  </mark>
  <mark unit="0466">
    <ann type="polarity" value="PO"/>
    <ann type="entity" value="DILMA"/>
  </mark>
  <mark unit="0467">
    <ann type="polarity" value=""/>
    <ann type="entity" value=""/>
  </mark>
  <mark unit="0468">
    <ann type="polarity" value=""/>
    <ann type="entity" value=""/>
  </mark>
  <mark unit="0469">
    <ann type="polarity" value="NE"/>
    <ann type="entity" value="DILMA"/>
  </mark>
  <mark unit="0470">
    <ann type="polarity" value="PO"/>
    <ann type="entity" value="DILMA"/>
  </mark>
  <mark unit="0471">
    <ann type="polarity" value="NE"/>
    <ann type="entity" value="PAULO ROBERTO DA COSTA"/>
  </mark>
  <mark unit="0472">
    <ann type="polarity" value="NE"/>
    <ann type="entity" value="DILMA"/>
  </mark>
  <mark unit="0473">
    <ann type="polarity" value="PO"/>
    <ann type="entity" value="DILMA"/>
  </mark>
  <mark unit="0474">
    <ann type="polarity" value="NE"/>
    <ann type="entity" value="DILMA"/>
  </mark>
  <mark unit="0475">
    <ann type="polarity" value="PO"/>
    <ann type="entity" value="DILMA"/>
  </mark>
  <mark unit="0476">
    <ann type="polarity" value=""/>
    <ann type="entity" value=""/>
  </mark>
  <mark unit="0477">
    <ann type="polarity" value="PO"/>
    <ann type="entity" value="DILMA"/>
  </mark>
  <mark unit="0478">
    <ann type="polarity" value="PO"/>
    <ann type="entity" value="DILMA"/>
  </mark>
  <mark unit="0479">
    <ann type="polarity" value="PO"/>
    <ann type="entity" value="DILMA"/>
  </mark>
  <mark unit="0480">
    <ann type="polarity" value="NE"/>
    <ann type="entity" value="DILMA"/>
  </mark>
  <mark unit="0481">
    <ann type="polarity" value="NE"/>
    <ann type="entity" value="AÉCIO NEVES"/>
  </mark>
  <mark unit="0482">
    <ann type="polarity" value="NE"/>
    <ann type="entity" value="DILMA"/>
  </mark>
  <mark unit="0483">
    <ann type="polarity" value="PO"/>
    <ann type="entity" value="DILMA"/>
  </mark>
  <mark unit="0484">
    <ann type="polarity" value="PO"/>
    <ann type="entity" value="DILMA"/>
  </mark>
  <mark unit="0485">
    <ann type="polarity" value=""/>
    <ann type="entity" value=""/>
  </mark>
  <mark unit="0486">
    <ann type="polarity" value="NE"/>
    <ann type="entity" value="MARINA"/>
  </mark>
</annotation>
