<?xml version='1.0' encoding='UTF-8'?>
<annotation>
  <info type="id" value="0126"/>
  <info type="schema" value="polarity"/>
  <info type="annotator" value="m"/>
  <info type="source" value="0026"/>
  <info type="source-corpus" value="paragraphs"/>
  <unit id="0305">
    <ann type="polarity" value="NE"/>
    <ann type="entity" value="MARINA"/>
  </unit>
  <unit id="0306">
    <ann type="polarity" value="NG"/>
    <ann type="entity" value="LULA"/>
  </unit>
  <unit id="0307">
    <ann type="polarity" value="NG"/>
    <ann type="entity" value="LULA"/>
  </unit>
  <unit id="0308">
    <ann type="polarity" value="NE"/>
    <ann type="entity" value="LULA"/>
  </unit>
  <unit id="0309">
    <ann type="polarity" value="NE"/>
    <ann type="entity" value="MARINA"/>
  </unit>
  <unit id="0310">
    <ann type="polarity" value="PO"/>
    <ann type="entity" value="MARINA"/>
  </unit>
  <unit id="0311">
    <ann type="polarity" value="NG"/>
    <ann type="entity" value="LULA"/>
  </unit>
  <unit id="0312">
    <ann type="polarity" value="NG"/>
    <ann type="entity" value="LULA"/>
  </unit>
  <unit id="0313">
    <ann type="polarity" value="NE"/>
    <ann type="entity" value="MARINA"/>
  </unit>
  <unit id="0314">
    <ann type="polarity" value=""/>
    <ann type="entity" value=""/>
  </unit>
  <unit id="0315">
    <ann type="polarity" value="NE"/>
    <ann type="entity" value="LULA"/>
  </unit>
  <unit id="0316">
    <ann type="polarity" value="NE"/>
    <ann type="entity" value="MARINA"/>
  </unit>
  <unit id="0317">
    <ann type="polarity" value="NG"/>
    <ann type="entity" value="MARINA"/>
  </unit>
  <unit id="0318">
    <ann type="polarity" value="NG"/>
    <ann type="entity" value="MARINA"/>
  </unit>
  <unit id="0319">
    <ann type="polarity" value="NG"/>
    <ann type="entity" value="MARINA"/>
  </unit>
  <unit id="0320">
    <ann type="polarity" value="NG"/>
    <ann type="entity" value="MARINA"/>
  </unit>
  <unit id="0321">
    <ann type="polarity" value="NG"/>
    <ann type="entity" value="MARINA"/>
  </unit>
</annotation>
