<?xml version='1.0' encoding='UTF-8'?>
<document>
  <info type="id" value="0059"/>
  <info type="schema" value="paragraphs"/>
  <info type="source" value="R059"/>
  <info type="source-corpus" value="C1"/>
  <info type="annotator" value="uam"/>
  <unit id="0694">“Sem reforma política, sem mexer em financiamento de campanha, sem mexer na forma pela qual nós estruturamos os sistemas políticos, não tem essa questão de velha e nova política”, disse Dilma, se referindo ao slogan da sua adversária.</unit id="0694">
  <unit id="0695">Dilma reclamou sobre o fato de não ter tido acesso às informações do depoimento do ex-diretor da Petrobras Paulo Roberto Costa feito na Operação Lava Jato da Polícia Federal. Segundo reportagens veiculadas no final de semana, o executivo afirmou que 12 senadores, 49 deputados federais e ao menos um governador receberam dinheiro desviado da estatal. Segundo teria dito Costa, os políticos ficavam com 3% do valor dos contratos da Petrobras entre os anos de 2004 e 2012.</unit id="0695">
  <unit id="0696">“É uma coisa engraçada. Se um órgão da imprensa sabe uma coisa e nós que somos os acusados não sabemos, isso é inadmissível”, disse a presidenta em entrevista ao Estado. “Eu não quero dentro do governo quem esteja comprometido. Mas também não quero dar à imprensa um caráter que ela não tem diante das leis. Ela não é um fórum inequívoco para dizer quem é corrupto ou não.”</unit id="0696">
  <unit id="0697">Dilma questionou o vazamento das informações a veículos de imprensa. “A própria revista [Veja] que revela estas fatos não revela de onde tirou essas informações. Eu fiz o ofício ao procurador geral da República para ter essas informações," disse Dilma. “Os processos estão criptografados e dentro do cofre. Vazamento pode significar a não validade das provas. Eu determinei ao ministro [da Justiça] José Eduardo Cardozo que fizesse um ofício à Polícia Federal que, se tiver algum funcionário do governo, nós gostaríamos de ter acesso a essa informação para poder tomar todas as providências e tomar essas medidas baseadas em informações oficiais.”</unit id="0697">
  <unit id="0698">A presidenta negou os paralelos feitos pelo seu adversário, Aécio Neves (PSDB), com o escândalo do “mensalão”. Segundo Dilma, a corrupção não aumentou nos governos petistas como é colocado pela oposição. “Demos autonomia para a Polícia Federal, escolhemos sempre o primeiro na lista do Ministério Público e demos ao procurador geral ampla autonomia. Nosso procurador-geral nunca foi um 'engavetador`”, disse Dilma, criticando a gestão de Fernando Henrique Cardoso (PSDB) na Presidência.</unit id="0698">
  <unit id="0699">A presidenta e candidata à reeleição Dilma Rousseff (PT) explicou nesta segunda-feira 8 as comparações, feitas em seu programa no horário eleitoral, entre a candidata Marina Silva (PSB) e os ex-presidentes Jânio Quadros e Fernando Collor, que não cumpriram seus mandatos até o fim. Em entrevista  ao jornal  O Estado de S.Paulo nesta segunda-feira 8, a presidenta disse que não é possível governar com as concepções da sua adversária.</unit id="0699">
  <unit id="0700">“O que fiz de comparações com o Jânio e o Collor é que ambos governaram sem partido e sem apoio,” disse a presidenta após dizer que via em Marina Silva uma pessoa "bem intencionada" e que seu programa não fazia referência ao caráter da ex-senadora. “Todas as pessoas que acham que vão negociar com notáveis, que numa democracia é possível não ter partidos ou negociar pessoalmente, geralmente ocorre uma coisa muito perigosa. No caso de não ter partido, geralmente tem alguém muito poderoso por trás”, afirmou Dilma.</unit id="0700">
  <unit id="0701">A presidenta disse que a reforma política, feita por meio de um plebiscito, deve ser retomada em um possível segundo mandato. A proposta, feita após os protestos de junho do ano passado, foi abandonada diante de críticas, inclusive de aliados da presidenta.</unit id="0701">