<?xml version='1.0' encoding='UTF-8'?>
<document>
  <info type="id" value="0073"/>
  <info type="schema" value="paragraphs"/>
  <info type="source" value="R073"/>
  <info type="source-corpus" value="C1"/>
  <info type="annotator" value="uam"/>
  <unit id="0791">Responsável pela propaganda de Alexandre Padilha (PT) ao governo de São Paulo, o marqueteiro Maurício Carvalho afirmou na noite desta quarta-feira (10) que o filme do adversário Paulo Skaf (PMDB) recorreu ao estilo petista para falar de suas propostas na área social e acabou "artificial".</unit id="0791">
  <unit id="0792">Segundo Carvalho, Skaf adotou um novo visual, abandonando o paletó, alterou a voz e usou uma trilha sonora parecida.</unit id="0792">
  <unit id="0793">"Skaf copiou a mesma estrutura do Padilha. Para falar com o povo, ele tem que usar a linguagem do PT, mas com ele fica artificial", provocou.</unit id="0793">
  <unit id="0794">A campanha de Skaf é feita pelo marqueteiro Duda Mendonça.</unit id="0794">
  <unit id="0795">Ele ainda ataca o governador Geraldo Alckmin (PSDB) sustentando que ele "fala bonito" mas não cumpre.</unit id="0795">
  <unit id="0796">Desde o fim da semana passada, a produção dos filmes do PT e PMDB provocaram uma polêmica após aliados do ex-presidente Lula contarem que ele achava que a campanha de Padilha deveria seguir o modelo de Skaf e ser mais combativa. Num evento, Lula chegou a cobrar cutucadas de seu afilhado político nos adversários.</unit id="0796">
  <unit id="0797">Após a avaliação, a propaganda de Padilha passou por ajustes. Ele passou a atacar Skaf, segundo colocado, a quem chama de candidato dos ricos, além de provocar Alckmin com promessas não executadas. O petista, no entanto, disse que as alterações já estavam programadas porque estão com uma estratégia calibrada.</unit id="0797">