<?xml version='1.0' encoding='UTF-8'?>
<document>
  <info type="id" value="0025"/>
  <info type="schema" value="paragraphs"/>
  <info type="source" value="R025"/>
  <info type="source-corpus" value="C1"/>
  <info type="annotator" value="uam"/>
  <unit id="0279">Celebração custou 43% a mais do que em 2013, com gasto de R$ 1,187 mi.</unit id="0279">
  <unit id="0280">A presidente da República, Dilma Rousseff, e seu vice, Michel Temer, acompanharam neste domingo (7) o tradicional desfile cívico-militar do feriado da Independência na Esplanada dos Ministérios. A parada de 7 de Setembro na região central de Brasília, que marcou os 192 anos da proclamação da independência, começou às 9h16, no momento em que a chefe do Executivo autorizou o início das solenidades cívicas. Segundo a Polícia Militar do DF, cerca de 30 mil pessoas assistiram à solenidade.</unit id="0280">
  <unit id="0281">O desfile da Independência deste ano custou R$ 1,187 milhão aos cofres públicos. A edição deste ano custou 43% a mais do que a comemoração de 2013, que gerou gastos de R$ 829 mil.</unit id="0281">
  <unit id="0282">Seguindo a tradição, antes de dar aval à parada ao comandante Militar do Planalto, a presidente acompanhou a banda dos Dragões da Independência executar o Hino Nacional em meio a 21 tiros de canhão. Em seguida, ela embarcou no Rolls Royce da Presidência, com a faixa presidencial no peito, para fazer, em carro aberto, a revista às tropas posicionadas ao longo do Eixo Monumental, via que reúne os principais prédios públicos da capital federal. O veículo de uso exclusivo do chefe do Estado foi utilizado pela primeira vez, em 1953, pelo então presidente Getúlio Vargas.</unit id="0282">
  <unit id="0283">Dragões da Independência se concentram para o</unit id="0283">
  <unit id="0284">desfile do feriado de  7 de setembro na Esplanada.</unit id="0284">
  <unit id="0285">(Foto: Mateus Rodrigues / G1)</unit id="0285">
  <unit id="0286">Após Dilma revistar as tropas, houve nova execução do Hino Nacional, seguida da execução do Hino da Bandeira. Encerrado o rito, a petista se dirigiu à tribuna presidencial, onde já a aguardavam o vice-presidente da República, ministros de Estado e o governador do DF, Agnelo Queiroz, para acompanhar a parada.</unit id="0286">
  <unit id="0287">De acordo com o Ministério da Defesa, o desfile de 7 de setembro deste ano contou com a participação de 2,2 mil militares, entre integrantes da Marinha, do Exército, da Aeronáutica e da Polícia Militar. A parada contou, por exemplo, com 50 carros operacionais do Exército, incluindo viaturas Astros 2020, que lançam foguete e mísseis.</unit id="0287">
  <unit id="0288">Militares do Exército fazem pirâmide humana</unit id="0288">
  <unit id="0289">durante a parada de Brasília (Foto: Felipe Néri / G1)</unit id="0289">
  <unit id="0290">Durante a apresentação das forças de segurança do Distrito Federal, a presidente Dilma Rousseff quebrou o protocolo e tirou "selfies" (autorretratos) com convidados da tribuna de horna, acompanhada por ministros de Estado e pelo governador Agnelo Queiroz.</unit id="0290">
  <unit id="0291">No encerramento oficial do desfile cívico-militar, a esquadrilha da fumaça fez uma homenagem ao Dia da Independência. As aeronaves da Força Aérea Brasileira, especializadas em acrobacias aéreas, escreveram no céu azul deste domingo da capital federal a mensagem "Pátria amada... Brasil!".</unit id="0291">
  <unit id="0292">Sob honras militares, Dilma deixou o desfile às 10h56 aplaudida pelo público que acompanhava a parada cívica. Antes de entrar no veículo oficial da Presidência, ela se despediu do vice-presidente, do ministro da Defesa, Celso Amorim, e do governador do DF, e acenou brevemente para as arquibancadas.</unit id="0292">
  <unit id="0293">"Até que enfim, um ano pacífico no 7 de Setembro", afirmou a professora Maria Lourdes Rosa, 54 anos. Ela disse que frequenta o desfile há mais de 20 anos, sem falta, mas ficou desapontada com o protesto das ativistas do Femen, em 2012, e com as manifestações de movimentos sociais no ano seguinte.</unit id="0293">
  <unit id="0294">Com marido e filho na Marinha, Maria Lourdes disse acreditar que a parada militar é importante para o resgate do civismo dos brasileios. "Na ditadura, confundiu-se o amor à pátria com a repressão policial. A gente tem que encontrar novamente essa medida", afirmou.</unit id="0294">
  <unit id="0295">Trânsito e metrô</unit id="0295">
  <unit id="0296">O trânsito nas principais vias da região central de Brasília sofreu alterações em razão do desfile cívico. No Eixo Monumental, o tráfego foi interditado a partir da Rodoviária do Plano Piloto, no sentido Esplanada, às 5h50.</unit id="0296">
  <unit id="0297">O estacionamento lateral ao Ginásio Nilson Nelson e as proximidades do Teatro Nacional também foram interditados para abrigar os veículos militares utilizados na parada cívica.</unit id="0297">
  <unit id="0298">O metrô funcionará em horário normal neste domingo, das 7h às 19h. A Secretaria de Segurança Pública do Distrito Federal informou que foram mobilizados 1,6 mil servidores e 85 veículos das polícias militar, civil, dos bombeiros e do Detran para o desfile.</unit id="0298">
  <unit id="0299">O comércio do Distrito Federal fecha neste domingo, feriado da Independência. Em shoppings, somente as praças de alimentação funcionarão. O DFTrans reforçou a frota de ônibus entre as 5h e a meia-noite.  Os postos de atendimento do Na Hora ficam fechados ao longo de todo o feriado.</unit id="0299">
  <unit id="0300">saiba mais 	 			Desfile de 7 de Setembro começa às 9h em Brasília; trânsito tem mudança</unit id="0300">
  <unit id="0301">Confira o que abre e o que fecha no feriado de 7 de Setembro no DF</unit id="0301">
  <unit id="0302">A coleta de sangue nos postos do Hemocentro de Brasília não funcionará neste domingo e o centro terá somente o serviço distribuição de sangue para os hospitais do DF.</unit id="0302">
  <unit id="0303">Como opção de lazer, o Zoológico de Brasília e o Jardim Botânico funcionam em seu horário normal, das 9h às 17h. A entrada é de R$ 2. O parque da Água Mineral ficará aberto das 8h às 16h. A entrada custa R$ 7,50 e é gratuita para crianças e idosos.</unit id="0303">
  <unit id="0304">A Esquadrilha da Fumaça fez exibição durante a execução do Hino Nacional na Esplanada dos Ministérios (Foto: Felipe Néri / G1)</unit id="0304">