<?xml version='1.0' encoding='UTF-8'?>
<document>
  <info type="id" value="0095"/>
  <info type="schema" value="paragraphs"/>
  <info type="source" value="R095"/>
  <info type="source-corpus" value="C1"/>
  <info type="annotator" value="uam"/>
  <unit id="1021">O candidato à Presidência Aécio Neves (PSDB) fez nesta quinta-feira (11) seu discurso mais contundente até agora na tentativa de evitar uma derrota em seu Estado natal.</unit id="1021">
  <unit id="1022">Falando a militantes e a correligionários em Montes Claros, o tucano disse "não acreditar" que Dilma possa vencer em Minas e pediu que não o deixem "passar por mentiroso".</unit id="1022">
  <unit id="1023">"Eu não acredito. Não posso acreditar que nós vamos deixar isso [derrota tucana em Minas] acontecer", afirmou Aécio, ao lado dos candidatos tucanos Pimenta da Veiga (governo) e Antonio Anastasia (Senado).</unit id="1023">
  <unit id="1024">O tucano afirmou que as gestões do PT no Planalto prejudicaram Minas e pediu ajuda para sua candidatura. Disse que Minas "não pode perder a oportunidade de eleger um candidato que tem compromisso com o Estado".</unit id="1024">
  <unit id="1025">"Vocês não podem me deixar passar por mentiroso, porque falei para [repórteres do] o Brasil inteiro agora há pouco. Disse lá e quero repetir aqui: vou ganhar as eleições em Minas Gerais, sim", afirmou o tucano, aos gritos.</unit id="1025">
  <unit id="1026">Em outro ponto do discurso, sem mencionar a origem mineira da presidente Dilma Rousseff, Aécio disse que o Estado "tem nas mãos uma oportunidade que só teve há 60 anos, com Juscelino Kubitschek: eleger um presidente mineiro".</unit id="1026">
  <unit id="1027">Segundo pesquisa Datafolha desta semana, Dilma lidera entre as preferências do eleitor mineiro, com 33%.</unit id="1027">
  <unit id="1028">Aécio, que governou o Estado de 2003 a 2010 e foca sua campanha nas realizações do período, tem 26%, em empate técnico com Marina Silva (PSB), que tem 25%. No quadro geral, Aécio tem 15%, Marina, 33% e Dilma, 36%.</unit id="1028">
  <unit id="1029">Os tucanos de Minas contavam com uma "votação histórica" para Aécio no Estado, que compensaria eventuais dificuldades em outras regiões do país.</unit id="1029">
  <unit id="1030">Para alcançar essa frente, cerca de 3 milhões de votos a mais do que o segundo colocado, ele precisaria ter em torno de 50% das intenções de voto no Estado.</unit id="1030">
  <unit id="1031">Em queda no cenário geral do país desde a entrada de Marina na disputa, Aécio tem intensificado as viagens a Minas, numa tentativa de também alavancar a candidatura de Pimenta da Veiga (PSDB) ao governo.</unit id="1031">
  <unit id="1032">Pimenta, escolha pessoal de Aécio para a candidatura, está 11 pontos atrás de Fernando Pimentel (PT) nas pesquisas -o que ameaça retirar os tucanos do poder no Estado após 12 anos.</unit id="1032">
  <unit id="1033">O tucano disse que o "PT está perdendo a eleição em todos os lugares que governa". Citou Bahia e Rio Grande do Sul, Estados em que candidatos apoiados pelo PSDB estão na frente do PT nas pesquisas, e disse que Minas se tornará "balcão de emprego" em caso de vitória petista.</unit id="1033">
  <unit id="1034">"Uma vitória, que não posso acreditar que vai acontecer, vocês se preparem, [com] o PT aqui em Minas Gerais, aqui vai virar um balcão de emprego para essa 'petezada' que vai perder a eleição no Brasil inteiro, vai vir para Minas Gerais para salvar o seu, é isso que acontece quando eles perdem as eleições", afirmou.</unit id="1034">
  <unit id="1035">Aécio, que tem reconhecido a mudança no cenário eleitoral após a morte de Eduardo Campos, também foi mais incisivo ao comentar o atual momento da campanha, que classificou como "diferente de tudo o que nós já vimos até aqui".</unit id="1035">
  <unit id="1036">"Há 30 dias era um outro cenário. Já tinha gente tomando uma por conta, porque nós iríamos para o segundo turno e iríamos ganhar a eleição. A coisa mudou. E vamos reconhecer que mudou", afirmou.</unit id="1036">