<?xml version='1.0' encoding='UTF-8'?>
<document>
  <info type="id" value="0123"/>
  <info type="schema" value="paragraphs"/>
  <info type="source" value="R123"/>
  <info type="source-corpus" value="C1"/>
  <info type="annotator" value="uam"/>
  <unit id="1339">A definição aconteceu após uma reunião nesta sexta (12), no CPOR (Centro Preparatório de Oficiais da Reserva) , na zona norte do Rio entre a presidente Dilma Rousseff, o governador Luiz Fernando Pezão e militares do Exército.</unit id="1339">
  <unit id="1340">Participaram ainda do evento os ministros da Justiça, José Eduardo Cardozo e da Defesa, Celso Amorim.</unit id="1340">
  <unit id="1341">No ato, a presidente Dilma destacou a integração entre os governos estadual e federal. Segundo a presidente, essa ação conjunta possibilitou na implantação das 38 UPPs(Unidade de Polícia Pacificadora) no estado.</unit id="1341">
  <unit id="1342">"O papel do governo federal precisa ser ativo na segurança pública. A nossa integração no Rio Eh motivo de orgulho para mim. Isso possibilitou o desenvolvimento das UPPs", disse a presidente que falou em levar a iniciativa de integração para outros estados do Brasil.</unit id="1342">
  <unit id="1343">Dilma ainda aproveitou para homenagear o capitão Uanderson Silva que morreu nesta quinta (11), baleado no Complexo do Alemão.</unit id="1343">
  <unit id="1344">"Nunca vamos desistir. A morte dele faz parte do esforço para enfrentar o crime organizado em busca de uma seguranca pública de melhor qualidade", afirmou a presidente.</unit id="1344">
  <unit id="1345">O Exército ocupa o complexo de favelas desde 5 de abril deste ano. Inicialmente, a Força permaneceria até 31 de julho mas o governo do Rio solicitou que este prazo fosse, pelos menos, até o fim das eleições.</unit id="1345">
  <unit id="1346">A decisão de levar a ocupação até dezembro possibilitará que o governo do Rio desloque o policiamento que seria levado para a região para outras áreas do estado.</unit id="1346">
  <unit id="1347">O governo do Rio pretende instalar quatro UPPs na Maré, considerado uma das áreas mais violentas do estado.</unit id="1347">