<?xml version='1.0' encoding='UTF-8'?>
<document>
  <info type="id" value="0092"/>
  <info type="schema" value="paragraphs"/>
  <info type="source" value="R092"/>
  <info type="source-corpus" value="C1"/>
  <info type="annotator" value="uam"/>
  <unit id="0977">Um eventual governo de Marina Silva acabaria com o atual programa do Banco Central de intervenção no câmbio, que tem mantido a moeda brasileira artificialmente forte por mais de um ano, disse à agência de notícias Reuters nesta quinta-feira (11) o assessor econômico do programa da candidata do PSB à Presidência da República Alexandre Rands.</unit id="0977">
  <unit id="0978">"Vamos acabar com isso", disse Rands em entrevista exclusiva à agência, quando questionado sobre o programa diário de intervenção do BC no câmbio. "Isso não quer dizer que não possa ter pequenas atuações momentâneas para eliminar volatilidade, mas não uma política de mais de um ano simplesmente valorizando a moeda nacional."</unit id="0978">
  <unit id="0979">Desde agosto do ano passado, o BC sob o governo da presidente Dilma Rousseff mantém um programa de intervenção no câmbio com o objetivo de diminuir a volatilidade do mercado. Isso começou quando a moeda norte-americana se aproximou de 2,45 reais, diante de incertezas sobre o rumo da política monetária ultraexpansionista do Federal Reserve, banco central dos Estados Unidos.</unit id="0979">
  <unit id="0980">No mercado de câmbio, o dólar reagiu às declarações de Rands à Reuters e passou a subir na última meia hora do pregão desta quinta, fechando em alta de 0,26 por cento, a 2,2972 reais na venda.</unit id="0980">
  <unit id="0981">Segundo a Reuters, o assessor econômico de Marina disse ainda que, se eleita, a candidata priorizará a luta contra a inflação via redução dos gastos públicos e melhora da eficiência na arrecadação.</unit id="0981">
  <unit id="0982">Segundo ele, o contingenciamento em 2015 poderia alcançar "até 100 bilhões de reais" para gerar um superávit primário que ajude a reduzir a inflação. Isso representaria 8,7 por cento das despesas totais de 1,15 trilhão de reais previstas no Projeto de Lei Orçamentária da União para o ano que vem e quase 2 por cento do Produto Interno Bruto (PIB).</unit id="0982">
  <unit id="0983">"O corte, que pode chegar a até 100 bilhões de reais, vai ser no volume necessário para gerar um superávit que dê a segurança para que comecemos a baixar a inflação", afirmou.</unit id="0983">
  <unit id="0984">De acordo com a agência, ele ressalvou que "a prioridade não é cortar gasto, a prioridade é controlar a inflação e gerar um ambiente onde o Brasil volte a crescer". Segundo Rands, os cortes de despesas não atingirão programas sociais como o Bolsa Família, mas, por exemplo, emendas parlamentares.</unit id="0984">
  <unit id="0985">O governo atual tem sido duramente criticado pela gestão das contas públicas e por recorrer a manobras contábeis para melhorar o superávit primário, a economia feita para o pagamento de juros da dívida pública federal. Analistas têm sugerido que o próximo governo faça um corte mais ousado das despesas para aumentar a credibilidade da equipe econômica.</unit id="0985">
  <unit id="0986">Meta de inflação menor</unit id="0986">
  <unit id="0987">Marina ascendeu à corrida presidencial após a morte do candidato socialista Eduardo Campos em um acidente aéreo em agosto e tem aparecido nas pesquisas eleitorais empatada em simulação de segundo turno com Dilma, que tenta a reeleição.</unit id="0987">
  <unit id="0988">O programa da candidata do PSB prega a independência institucional do Banco Central e promete recuperar o tripé macroeconômico formado por meta de inflação, superávit primário e câmbio flutuante.</unit id="0988">
  <unit id="0989">Única dos principais candidatos na corrida presidencial a já ter apresentado programa de governo, a ex-senadora e ambientalista tem evitado esmiuçar os pontos econômicos de seu programa. No domingo, ela disse, ao ser perguntada sobre isso, que o "mais importante é recuperar a credibilidade do Brasil, sem o que não adiantará números".</unit id="0989">
  <unit id="0990">Campos, ex-governador de Pernambuco que encabeçava a chapa à Presidência que tinha Marina como vice, tinha se comprometido em reduzir, caso eleito, a meta de inflação para 3 por cento para o ano seguinte ao término de seu mandato.</unit id="0990">
  <unit id="0991">Rands adiantou à Reuters que uma administração Marina buscará reduzir a meta de inflação oficial, que é atualmente de 4,5 por cento ao ano, com margem de tolerância de dois pontos percentuais para mais ou para menos.</unit id="0991">
  <unit id="0992">"O acordo é baixar a meta, a Marina já deu um ok para isso", disse Rands, acrescentando que ainda não se chegou a um percentual específico como alvo a ser alcançado.</unit id="0992">
  <unit id="0993">Sobre a taxa básica de juro, o economista afirmou que o patamar atual da Selic, em 11 por cento ao ano, pode ser "mais que suficiente" para controlar a inflação se suportada pela política fiscal.</unit id="0993">
  <unit id="0994">"Talvez com Marina essa taxa de 11 por cento seja mais que suficiente para controlar a inflação, desde que você tenha uma gestão fiscal adequada", disse.</unit id="0994">
  <unit id="0995">Ibope aponta que 67% dos eleitores de Dilma no PI têm da 5ª a 8ª série                                                   Ibope fez 812 entrevistas em 43 cidades entre os dias de 7 a 9 de setembro.  Pesquisa aponta as intenções de voto para presidente da República.</unit id="0995">