<?xml version='1.0' encoding='UTF-8'?>
<document>
  <info type="id" value="0042"/>
  <info type="schema" value="paragraphs"/>
  <info type="source" value="R042"/>
  <info type="source-corpus" value="C1"/>
  <info type="annotator" value="uam"/>
  <unit id="0518">Skaf visita comunidade na Zona Leste de São Paulo                                                  Candidato do PMDB falou sobre a falta de infraestrutura na periferia. Skaf também compareceu a festival de cultura japonesa.</unit id="0518">
  <unit id="0519">O candidato Paulo Skaf, do PMDB, visitou na tarde desta segunda-feira (8) a favela do Boqueirão, no Cursino, na Zona Sul de São Paulo, e prometeu melhorias para a região, caso seja eleito. "O que a gente sente é uma total ausência do estado. Aqui faltam creches, o esgoto corre a céu aberto, aqui não tem uma escola boa", relatou.</unit id="0519">
  <unit id="0520">O terreno, que pertence ao Ipesp, foi invadido há mais de 20 anos. Skaf lembrou que as invasões devem ser controladas, mas afirmou que é preciso melhorar os locais que convivem com invasões há muitos anos.</unit id="0520">
  <unit id="0521">"O que já existe você precisa dar um jeito. Não é possível que pessoas vivam sem saneamento, sem escola, sem transporte, sem segurança". O candidato do PMDB andou pelas vielas do Boqueirão, onde moram cerca de 7 mil pessoas, e ouviu problemas relatados pelos moradores. Para mudar a situação, ele propõe um programa habitacional e revitalização da área.</unit id="0521">
  <unit id="0522">Skaf também disse que o crack é produzido por laboratórios clandestinos dentro do estado e que o governo estadual deve combater.</unit id="0522">
  <unit id="0523">De acordo com o candidato, o estado tem deficit de 1,5 milhão de imóveis. Apenas na Grande São Paulo faltam 700 mil casas. Ele afirma que o governo deve investir mais, inclusive com parcerias com a União.</unit id="0523">
  <unit id="0524">"O atual governo não está avançando porque o terreno é muito caro na Grande São Paulo. O que precisa é usar os projetos, os programas que já existem na área federal e mesmo na estadual e por mais dinheiro. O estado precisa investir mais", ressaltou o candidato, que tem evitado dar demonstrações públicas do apoio de seu partido à reeleição da presidente Dilma Rousseff (PT).</unit id="0524">
  <unit id="0525">Em 2 meses de campanha, Alckmin é candidato que mais arrecada em SP                                                  Receita da campanha do tucano é de R$ 14 milhões. Já Paulo Skaf, do PMDB, arrecadou R$ 10,3 milhões</unit id="0525">
  <unit id="0526">Skaf cita filiação recente ao PMDB e diz não ter 'nada a ver' com Petrobras                                                  'Veja' publicou denúncia de corrupção na estatal e citou o partido político. Candidato diz que se filiou ao PMDB há 3 anos e trará mudança na política.</unit id="0526">