<?xml version='1.0' encoding='UTF-8'?>
<document>
  <info type="id" value="0081"/>
  <info type="schema" value="paragraphs"/>
  <info type="source" value="R081"/>
  <info type="source-corpus" value="C1"/>
  <info type="annotator" value="uam"/>
  <unit id="0884">O governador de São Paulo, Geraldo Alckmin (PSDB), acusou nesta quarta-feira (10) a campanha do candidato Alexandre Padilha (PT) de ter mentido em seu programa eleitoral.</unit id="0884">
  <unit id="0885">O petista tem prometido, caso seja eleito, lançar o Bilhete Único Metropolitano, que faz uma integração tarifária entre o metrô e os ônibus da região metropolitana de São Paulo.</unit id="0885">
  <unit id="0886">De acordo com o tucano, a propaganda do petista promete um benefício que já foi adotado desde o mês passado pelo governo de São Paulo, o cartão BOM (Bilhete de Ônibus Metropolitano).</unit id="0886">
  <unit id="0887">"Era mentira. O cartão BOM já está implantado e uma média de 330 mil pessoas por dia já usam. O cartão já está funcionando", afirmou.</unit id="0887">
  <unit id="0888">Neste terça-feira (9), a Justiça Eleitoral acatou solicitação do tucano e decidiu impedir que o petista veicule comerciais sobre o cartão BOM.</unit id="0888">
  <unit id="0889">De acordo com o despacho da juíza Cláudia Lucia Fonseca, o programa do petista veiculou comercial que pode "induzir a erro o eleitorado paulista". A decisão cabe recurso.</unit id="0889">
  <unit id="0890">O tucano visitou nesta quarta-feira (10) o canteiro de obras da estação Campo Belo, da Linha 5 - Lilás.</unit id="0890">