<?xml version='1.0' encoding='UTF-8'?>
<document>
  <info type="id" value="0063"/>
  <info type="schema" value="paragraphs"/>
  <info type="source" value="R063"/>
  <info type="source-corpus" value="C1"/>
  <info type="annotator" value="uam"/>
  <unit id="0716">Em agenda de campanha no Pará, o tucano Aécio Neves voltou a responsabilizar o PT, partido da presidente-candidata Dilma Rousseff, pela montagem de um balcão de distribuição de propina a deputados, senadores, governadores e até um ministro de Estado com recursos da Petrobras. "O governo Dilma acabou antes da hora. A presidente já demitiu seu ministro da fazenda e agora vê a maior empresa estatal do país envolvida em um megaesquema de corrupção", disse Aécio.</unit id="0716">
  <unit id="0717">"Não acredito que a presidente tenha recebido recursos desses esquemas, mas, do ponto de vista político, foi beneficiária, sim. Ela tinha obrigação de saber o que se passava no seu entorno. A principal empresa pública brasileira foi submetida aos interesses de grupos para quê? Para manter o PT no poder. O PT enlameou nossa principal empresa. Não adianta dizer que não sabia, tem que investigar e punir exemplarmente os responsáveis", disse.</unit id="0717">
  <unit id="0718">Em sua chegada à capital paraense, Aécio foi recebido por cerca de cem militantes do partido e recebeu de presente de correligionários uma imagem de Nossa Senhora de Nazaré, padroeira do Pará. Essa é a primeira vez que o tucano visita o Estado como candidato. Em agenda conjunta com o governador Simão Jatene (PSDB), que concorre à reeleição, Aécio foi recebido no aeroporto por membros da associação de mototaxistas de Belém e representantes da Força Sindical.</unit id="0718">
  <unit id="0719">Ele também alfinetou a candidata do PSB, Marina Silva: "Quero saber com quem ela vai governar". Lembrando o passado petista de Marina, o tucano atacou a adversária: “A Marina, mais uma vez, adota um discurso de vitimização".</unit id="0719">
  <unit id="0720">Ainda hoje, o tucano irá participar de uma passeata na capital e discursará em comício.</unit id="0720">
  <unit id="0721">Hoje os candidatos ao governo do Distrito Federal se enfrentam num grande debate realizado por VEJA. Todos confirmaram presença,mas o "condenado", em cima da hora, fugiu do enfrentamento. Os holofotes estarão voltados para o "rejeitado" e o "surfista" e o clima promete ser tenso. Entenda por quê.</unit id="0721">