<?xml version='1.0' encoding='UTF-8'?>
<document>
  <info type="id" value="0112"/>
  <info type="schema" value="paragraphs"/>
  <info type="source" value="R112"/>
  <info type="source-corpus" value="C1"/>
  <info type="annotator" value="uam"/>
  <unit id="1224">Marina citou ainda em seu discurso líderes como Nelson Mandela, argumentando que as pessoas não sabem os nomes de seus algozes. "Mas Mandela todos sabem que é, e ele ficou por um tempo sendo vendido como o supremo mal."</unit id="1224">
  <unit id="1225">"O que está em jogo é se vamos ou não vamos eleger um presidente com base em um programa ou em promessa genéricas. Os dois candidatos ainda não apresentaram os seus programas. E dizem que estão preocupados com as nossas ideias, mas não apresentaram as suas. Cuidado: assinar cheque em branco é perigoso", disse, durante o evento "Visões de Futuro", realizado pela Federação das Indústrias do Estado do Rio de Janeiro (Firjan), no Rio.</unit id="1225">
  <unit id="1226">A ex-ministra afirmou que, em um possível segundo turno, será possível fazer um debate de ideias, com tempo igual de horário político e, assim, "apresentar cada vez mais as nossas ideias".</unit id="1226">
  <unit id="1227">A candidata afirmou que está sofrendo "todo tipo de calúnia" e que os seus adversários estão "apavorados, desesperados pela possibilidade de perder". "(Já) nós estamos motivados pela possibilidade de ganhar." Marina disse que as eleições estão "muito difíceis", "mas nunca estive tão animada".</unit id="1227">