<?xml version='1.0' encoding='UTF-8'?>
<document>
  <info type="id" value="0054"/>
  <info type="schema" value="paragraphs"/>
  <info type="source" value="R054"/>
  <info type="source-corpus" value="C1"/>
  <info type="annotator" value="uam"/>
  <unit id="0647">O governador de São Paulo, Geraldo Alckmin (PSDB), criticou nesta segunda-feira (8) o seu principal adversário na disputa estadual, Paulo Skaf (PMDB), e disse estranhar o fato de o candidato não deixar claro quem o apoia na sucessão ao governo paulista.</unit id="0647">
  <unit id="0648">De acordo com o tucano, a população tem o direito de saber quem são as "companhias" do peemedebista nas eleições deste ano.</unit id="0648">
  <unit id="0649">Nas últimas semanas, a campanha do governador elevou o tom contra Paulo Skaf e tem acusado o candidato de omitir os apoios dos ex-prefeitos de São Paulo Paulo Maluf (PP) e Gilberto Kassab (PSD) e da presidente Dilma Rousseff (PT).</unit id="0649">
  <unit id="0650">"Eu estranho as pessoas esconderem os seus apoios. A população tem o direito de saber quem são as companhias. Na política, se diz: 'Diga-me com e com quem andas que eu dir-te-ei quem és'", afirmou.</unit id="0650">
  <unit id="0651">O tucano, que visitou nesta manhã uma feira de cosméticos, negou que a utilização de ex-aliados de seu governo para atacar o adversário seja uma manifestação de "desespero".</unit id="0651">
  <unit id="0652">SKAF</unit id="0652">
  <unit id="0653">Em entrevista para a rádio BandNews, nesta segunda, o peemedebista Paulo Skaf acusou o governador de estar desesperado e lembrou que Maluf foi quem indicou o presidente da CDHU (Companhia de Desenvolvimento Habitacional e Urbano) na atual gestão tucana, o que não se repetirá em seu governo.</unit id="0653">
  <unit id="0654">As críticas dos tucanos a Maluf e Kassab causou surpresa ao comando da campanha peemedebista. Além do PP e do PSD terem apoiado a atual administração, o governador buscou os dois partidos para firmar alianças para a disputa deste ano.</unit id="0654">
  <unit id="0655">O coordenador-geral da campanha tucana, Edson Aparecido, chegou a ir à casa de Maluf em busca do apoio. Em nome de uma aliança, o próprio governador elogiou Kassab sobre a possibilidade, na época, dele assumir o posto de vice em sua chapa.</unit id="0655">