<?xml version='1.0' encoding='UTF-8'?>
<document>
  <info type="id" value="0099"/>
  <info type="schema" value="paragraphs"/>
  <info type="source" value="R099"/>
  <info type="source-corpus" value="C1"/>
  <info type="annotator" value="uam"/>
  <unit id="1073">"Acho absolutamente inaceitável o tipo de acusação que ela [Marina] recebe hoje da presidente Dilma. Não entro nesse campo. Entro no campo político", afirmou o senador mineiro.</unit id="1073">
  <unit id="1074">Aécio fez menção à propaganda petista que sugeriu problemas de governabilidade numa eventual gestão Marina, associando a candidata a presidentes que enfrentaram turbulências políticas e não terminaram os mandatos, como Jânio Quadros (1961) e Fernando Collor (1990-1992).</unit id="1074">
  <unit id="1075">"Estamos vendo ataques pessoais na televisão, tenho visto as propagandas na televisão comparando a Marina a outros ex-presidentes da República. Eu não faço esse tipo de ataque pessoal. Não entro no vale tudo para ganhar a eleição", afirmou.</unit id="1075">
  <unit id="1076">A campanha de Dilma recrudesceu os ataques a Marina após o crescimento da candidata nas pesquisas –hoje PT e PSB dividem a liderança em intenções de voto. Numa peça divulgada nesta semana, uma família vê a comida desaparecer do prato num cenário em que Marina adota a independência do Banco Central.</unit id="1076">
  <unit id="1077">O candidato do PSDB manteve a estratégia de apontar supostas incoerências na trajetória de Marina, comparando posicionamentos da candidata sobre temas como transgênicos e responsabilidade fiscal. "Apenas é muito importante que a candidata Marina passe maior credibilidade em relação àquilo que pensa", afirmou.</unit id="1077">
  <unit id="1078">O tucano, que era o segundo na preferência do eleitorado no começo da corrida eleitoral, perdeu o posto após a morte de Eduardo Campos, no dia 13 de agosto, e a consequente mudança na chapa do PSB, com a então vice Marina assumindo a postulação presidencial. Segundo pesquisa Datafolha concluída nesta semana, o tucano tem 15% das intenções de voto, ante 33% de Marina e 36% de Dilma.</unit id="1078">
  <unit id="1079">Aécio disse ver uma "estabilização do quadro" das intenções de voto, após a "mudança muito rápida" desde a morte de Campos. Afirmou acreditar na possibilidade de vitória e citou o exemplo da eleição de Antonio Anastasia (PSDB), seu afilhado político, ao governo de Minas em 2010, quando ele começou atrás nas pesquisas e terminou vencendo no primeiro turno.</unit id="1079">
  <unit id="1080">Em Montes Claros, onde Dilma já esteve nesta campanha, o tucano se encontrou com militantes e prefeitos do norte mineiro. O tucano também percorreu ruas do centro e se encontrou com o arcebispo local. Depois seguiu para Belo Horizonte, onde participará de uma conversa com jovens ainda nesta quinta.</unit id="1080">