<?xml version='1.0' encoding='UTF-8'?>
<document>
  <info type="id" value="0003"/>
  <info type="schema" value="paragraphs"/>
  <info type="source" value="R003"/>
  <info type="source-corpus" value="C1"/>
  <info type="annotator" value="uam"/>
  <unit id="0024">Na campanha de Dilma Rousseff, a primeira reação às revelações de Paulo Roberto Costa, ex-diretor da Petrobras que apresentou uma lista de políticos supostamente envolvidos em um esquema de corrupção na estatal, é o medo de contaminação imediata das intenções de voto da presidente, que apresentaram recuperação na mais recente rodada de pesquisas eleitorais.</unit id="0024">
  <unit id="0025">A preocupação é justificável. Quando a Polícia Federal deflagrou a Operação Lava Jato, em março, pesquisas qualitativas mostraram que suspeitas de corrupção na Petrobras prejudicaram a imagem da presidente.</unit id="0025">
  <unit id="0026">A orientação de Dilma é que ninguém na campanha ou no governo faça prejulgamentos, até porque até aqui só há citações a nomes e não às supostas irregularidades a que eles foram associados pelo ex-diretor da Petrobras.</unit id="0026">
  <unit id="0027">Na noite de sexta-feira (5) e na manhã deste sábado (6), contudo, já havia o entendimento de que os nomes mais graúdos do campo governista terão de se afastar preventivamente caso surjam mais detalhes da investigação.</unit id="0027">
  <unit id="0028">Os dois nomes mais citados são o tesoureiro petista João Vaccari Neto e o ministro Edison Lobão (Minas e Energia), que está em férias na campanha do filho no Maranhão. O primeiro, que já havia sido citado no escândalo, nega irregularidades. O segundo as negou à "Veja".</unit id="0028">
  <unit id="0029">A revelação dos nomes faz parte de um acordo de delação premiada que Costa fechou no dia 22 de agosto com os procuradores da Operação Lava Jato. Delação premiada é a figura jurídica na qual um réu conta o que sabe à Justiça em troca de redução de pena.</unit id="0029">
  <unit id="0030">Preocupação maior está na eventual acusação de suspeitas sobre a compra da refinaria de Pasadena, principal fator de desgaste para Dilma em março. Mesmo sem haver citação direta a ela, foi a petista que aprovou o negócio como presidente do Conselho de Administração da estatal.</unit id="0030">
  <unit id="0031">A tensão no governo começou com a publicação em sites sobre a delação de Costa, na sexta à noite. A presidente chamou o ministro Aloizio Mercadante (Casa Civil) para avaliar a situação e ambos ligaram para José Eduardo Cardozo (Justiça).</unit id="0031">
  <unit id="0032">Segundo a Folha apurou, Dilma ficou "exasperada" com Cardozo, que é o superior da PF, porque ele "tinha tanta informação quanto as que circulavam pelo Congresso" sobre a delação.</unit id="0032">
  <unit id="0033">Do ponto de vista dos estrategistas da campanha, é previsível que o PSB irá acentuar o discurso da "nova política" com a nova crise. O problema para Marina Silva é que também foi citado pela "Veja" o ex-governador Eduardo Campos (PSB-PE), morto em acidente em 13 de agosto.</unit id="0033">
  <unit id="0034">Ainda não se sabe do que se trata a citação, e o PT sabe que teria de explorar com cuidado uma denúncia contra alguém cuja morte causou comoção.</unit id="0034">
  <unit id="0035">Mas parece certo que o caso será alinhavado com as suspeitas sobre o jato que Campos usava quando morreu como prova de que a candidatura de Marina tem práticas da "velha política".</unit id="0035">