<?xml version='1.0' encoding='UTF-8'?>
<document>
  <info type="id" value="0086"/>
  <info type="schema" value="paragraphs"/>
  <info type="source" value="R086"/>
  <info type="source-corpus" value="C1"/>
  <info type="annotator" value="uam"/>
  <unit id="0932">A nova pesquisa Ibope sobre a disputa ao governo de São Paulo, divulgada nesta terça-feira 9, mostra que o atual governador e candidato à reeleição, Geraldo Alckmin (PSDB), mantém a vantagem em relação aos adversários. Alckmin subiu um ponto percentual e agora está com 48% das intenções de voto, contra 18% do candidato do PMDB, Paulo Skaf, que caiu cinco pontos desde o último levantamento. Já o candidato do PT, Alexandre Padilha, também subiu um ponto percentual e tem agora 8% da preferência do eleitorado.</unit id="0932">
  <unit id="0933">Neste cenário, se as eleições fossem hoje, o governador venceria a disputa no primeiro turno. Além dos três principais candidatos envolvidos no pleito, Gilberto Natalini (PV) e Raimundo Sena (PCO) e Laércio Benko (PHS) alcançaram 1% cada. Já Wagner Farias (PCB), Gilberto Maringoni (PSOL) e Walter Ciglioni (PRTB) tiveram pontuação inferior a 1%. O número de brancos e nulos chega a 11%, enquanto que as pessoas que não sabem ou não responderam representam 11% dos entrevistados.</unit id="0933">
  <unit id="0934">O Ibope fez ainda uma simulação de segundo turno entre Alckmin e Skaf. Alckmin teria 53% e Skaf conseguiria outros 26%. O instituto ainda mediu a rejeição de cada um dos candidatos: Alexandre (26%), Alckmin (18%), Skaf (16%), Maringoni (8%), Sena (8%), Benko (8%), Ciglioni (7%), Natalini (7%) e Farias (7%). A pesquisa foi realizada entre os dias 6 e 8 de setembro e contou com entrevistas de 2.002 eleitores em 97 municípios. A margem de erro é de dois pontos percentuais, para mais ou para menos.</unit id="0934">