<?xml version='1.0' encoding='UTF-8'?>
<document>
  <info type="id" value="0069"/>
  <info type="schema" value="paragraphs"/>
  <info type="source" value="R069"/>
  <info type="source-corpus" value="C1"/>
  <info type="annotator" value="uam"/>
  <unit id="0754">Fri Sep 05 2014 09:34:50 -0300 05/09/2014</unit id="0754">
  <unit id="0755">Datafolha: Dilma tem 36%, e Marina, 33%                           Aécio oscilou para 15%. Em simulação de 2º turno, vantagem de Marina passou de  7 para 4 pontos, empate técnico no limite da margem de erro, de 2 pontos.</unit id="0755">
  <unit id="0756">Marina lidera em SP, PE e DF; Dilma está na frente em MG, diz Datafolha</unit id="0756">
  <unit id="0757">Pesquisa Datafolha  divulgada nesta quarta-feira (10) aponta as intenções de voto dos eleitores do estado do Rio de Janeiro na corrida para a Presidência da República.</unit id="0757">
  <unit id="0758">A pesquisa do Datafolha foi encomendada pela TV Globo e pelo jornal "Folha de S.Paulo" e realizada entre os dias 8 e 9 de setembro com 1.348  eleitores em 32 cidades do Estado do Rio. A margem de erro é de três pontos percentuais para mais ou para menos. O nível de confiança é de 95%. Isso significa que, se forem realizados 100 levantamentos, em 95 deles os resultados estariam dentro da margem de erro de três pontos prevista.</unit id="0758">
  <unit id="0759">A pesquisa foi registrada no Tribunal Superior Eleitoral com os números  RJ-00034/2014 e BR-00584/2014.</unit id="0759">