<?xml version='1.0' encoding='UTF-8'?>
<document>
  <info type="id" value="0008"/>
  <info type="schema" value="paragraphs"/>
  <info type="source" value="R008"/>
  <info type="source-corpus" value="C1"/>
  <info type="annotator" value="uam"/>
  <unit id="0080">O ex-governador do Rio Sérgio Cabral (PMDB) afirmou neste sábado (6), por meio de sua assessoria de imprensa, que repudia a inclusão de seu nome "em qualquer dos fatos supostamente relatados pelo ex-diretor" da Petrobras Paulo Roberto Costa.</unit id="0080">
  <unit id="0081">Segundo reportagem da revista "Veja" desta semana, Costa citou, em depoimento em regime de delação premiada, o nome de Cabral como um dos envolvidos com o esquema de corrupção na estatal.</unit id="0081">
  <unit id="0082">Questionado sobre a acusação, Cabral respondeu que, nos 7 anos e 3 meses em que esteve à frente do governo do Rio (2007 a 2014), "jamais indicou ou interferiu nas nomeações do governo federal, tampouco nas decisões gerenciais da Petrobras".</unit id="0082">
  <unit id="0083">O ex-governador renunciou ao cargo em abril deste ano, em benefício de seu vice, Luiz Fernando Pezão (PMDB), que disputa a reeleição. Após acordo com o PSDB e o DEM mediado pelo candidato do PSDB à Presidência, Aécio Neves, ele desistiu de concorrer ao Senado e passou a apoiar a chapa que tem Pezão para governador e Cesar Maia (DEM) para o Senado.</unit id="0083">
  <unit id="0084">A candidata do PSB à Presidência, Marina Silva, começou a tratar do esquema de corrupção na Petrobras na propaganda eleitoral que foi ao ar na TV na tarde deste sábado (6). Marina direcionou o foco do escândalo para o governo petista, falando principalmente do pré-sal. "No meu governo, os recursos do pré-sal vão ser usados para saúde e educação, não para corrupção", disse a candidata na TV.</unit id="0084">
  <unit id="0085">O tesoureiro do PT, João Vaccari Neto, e o deputado Cândido Vaccarezza (PT-SP) também aparecerem na relação de nomes citados por Paulo Roberto Costa.</unit id="0085">
  <unit id="0086">A presidente Dilma Rousseff (PT) disse neste sábado (6) que vai aguardar as informações oficiais para tomar "todas as providências cabíveis". "Não haverá nenhum tipo de decisão com base em especulações", disse a presidente que participa neste sábado de um evento em homenagem às mulheres no centro de São Paulo.</unit id="0086">
  <unit id="0087">PARLAMENTARES DO PMDB</unit id="0087">
  <unit id="0088">O ex-diretor da Petrobras Paulo Roberto Costa também menciona nomes de políticos do PMDB que teriam se beneficiado do suposto esquema, como os presidentes do Senado, Renan Calheiros (AL), da Câmara dos Deputados, Henrique Eduardo Alves (RN), o senador Romero Jucá (RR), a governadora Roseana Sarney (MA) e o ministro Edison Lobão (Minas e Energia).</unit id="0088">
  <unit id="0089">Em campanha em Petrolina (PE), Temer disse que "institucionalmente o PMDB não tem nada a ver com isso". "Não houve menção ao partido. Houve menções vagas a pessoas do partido A, B e C. Mas isso está nas mãos do Supremo Tribunal Federal. Eu não posso avançar a respeito disso, o que posso dizer é que o PMDB, institucionalmente, não tem nada a ver com isso", afirmou o vice-presidente.</unit id="0089">
  <unit id="0090">DEMAIS CITADOS</unit id="0090">
  <unit id="0091">O senador Ciro Nogueira (PP-PI), o deputado João Pizzolatti (PP-SC) e o ex-ministro Mário Negromonte (PP-BA) também aparecem entre os políticos envolvidos com o esquema de corrupção na Petrobras.</unit id="0091">
  <unit id="0092">De acordo com a revista "Veja", Ciro Nogueira disse que conheceu Costa em eventos do partido e negou ter recebido dinheiro. Já Negromonte e Pizzolatti não responderam.</unit id="0092">