<?xml version='1.0' encoding='UTF-8'?>
<document>
  <info type="id" value="0071"/>
  <info type="schema" value="paragraphs"/>
  <info type="source" value="R071"/>
  <info type="source-corpus" value="C1"/>
  <info type="annotator" value="uam"/>
  <unit id="0769">De acordo com o ministro, o pedido de acesso às informações foi feito sem previsão de prazo, mas, segundo ele, Janot teria dito que responderá de forma “célere”.</unit id="0769">
  <unit id="0770">"É tudo muito novo. É  a primeira vez que temos uma delação premiada com essas características de foro privilegiado que saia vindo pro Supremo. É tudo uma situação nova. É evidente que nós queremos ter acesso à delação premiada para que o Executivo possa tomar as medidas necessárias corretivas, se é que elas se imponham."</unit id="0770">
  <unit id="0771">De acordo com reportagem publicada pela revista Veja, nos depoimentos, Costa delatou dezenas de deputados federais, senadores, governadores e um ministro que supostamente recebiam propina de contratos da estatal com outras empresas. O acordo de delação premiada ainda depende de homologação pela Justiça, que dependerá da comprovação de que as denúncias do ex-diretor têm fundamento.</unit id="0771">
  <unit id="0772">saiba mais 	 			CPI da Petrobras convoca Paulo Roberto Costa para falar na próxima quarta</unit id="0772">
  <unit id="0773">Zavascki libera para CPI documentos da Lava Jato que estão no Supremo</unit id="0773">
  <unit id="0774">CGU pede acesso a depoimentos de ex-diretor da Petrobras</unit id="0774">
  <unit id="0775">O ministro da Justiça, José Eduardo Cardozo, afirmou nesta quarta-feira (10) que deverá se encontrar com o procurador-geral da República, Rodrigo Janot, até esta quinta-feira (11) para discutir pessoalmente a possibilidade de acesso às informações prestadas pelo ex-diretor da Petrobras Paulo Roberto Costa em delação premiada.</unit id="0775">
  <unit id="0776">Na terça-feira (8) a presidente Dilma Rousseff informou ter solicitado ao Ministério Público os depoimentos do ex-diretor da estatal. Ela disse ter feito o pedido para saber se há integrantes do governo envolvidos no suposto esquema de pagamento de propina a politicos com recursos provenientes de contratos da Petrobras, conforme denunciou Paulo Roberto Costa.</unit id="0776">
  <unit id="0777">Cardozo disse ser necessário que o governo tenha contato com as informações para poder tomar as medidas necessárias. "Acho que temos que  tomar as medidas. Quando tivermos acesso a documentação agiremos na forma da lei. Eu quero ver se eu consigo ainda hoje [encontrar com o Janot]. Se não for, seguramente amanhã eu estarei com ele", declarou. O ministro disse que também tratará de assunto referente à terras indígenas com o procurador.</unit id="0777">