<?xml version='1.0' encoding='UTF-8'?>
<document>
  <info type="id" value="0103"/>
  <info type="schema" value="paragraphs"/>
  <info type="source" value="R103"/>
  <info type="source-corpus" value="C1"/>
  <info type="annotator" value="uam"/>
  <unit id="1119">Essa fragmentação produz mais dificuldades para o Poder Executivo quando é necessário negociar projetos com o Congresso. Quanto mais partidos há, mais tortuosa e demorada é a construção de algum consenso mínimo sobre projetos de lei em tramitação.</unit id="1119">
  <unit id="1120">Segundo as pesquisas de intenção de voto, o PT tende a ficar na segunda posição no Senado em 2015, com 13 cadeiras, empatado com o PSDB, que subiria de 12 para 13 senadores.</unit id="1120">
  <unit id="1121">O melhor desempenho projetado pertence ao PSB, de acordo com as pesquisas. A legenda que hoje tem Marina Silva como candidata a presidente pode mais que dobrar sua bancada, de 4 para 9 cadeiras, tornando-se 4ª maior força na Casa.</unit id="1121">
  <unit id="1122">Caso as pesquisas se confirmem, o maior perdedor será o PTB. A legenda veria suas 6 cadeiras reduzidas a apenas 2. PSC e PPS, hoje ausentes do Senado, teriam 1 cadeira cada um.</unit id="1122">
  <unit id="1123">A projeção de bancadas para o Senado em 2015 considera dois fatores:</unit id="1123">
  <unit id="1124">1) são contabilizados todos os candidatos que estão em primeiro lugar nas pesquisas de intenção de voto (isolados na frente ou empatados na margem de erro do levantamento com algum adversário);</unit id="1124">
  <unit id="1125">2) também é considerada nesta projeção a entrada dos suplentes dos 7 senadores com mandato até 2019 que hoje lideram a disputa pelos governos dos respectivos Estados. Se vencerem, sairão do Senado para dar a vaga ao suplente imediato. Os 7 senadores que podem virar governadores em 2015 são os seguintes: Eduardo Braga (PMDB-AM), Eunício Oliveira (PMDB-CE), Delcídio do Amaral (PT-MS), Wellington Dias (PT-PI), Cássio Cunha Lima (PSDB-PB), Pedro Taques (PDT-MT) e Ana Amélia (PP-RS).</unit id="1125">
  <unit id="1126">A tabela a seguir mostra a evolução das bancadas, por partido, desde a eleição de 1994 e a projeção do melhor cenário para cada legenda de acordo com as pesquisas de intenção de voto mais recentes:</unit id="1126">
  <unit id="1127">O cálculo acima é generoso com todos os primeiros colocados. Considera como possíveis vitoriosos os candidatos hoje em primeiro lugar nas pesquisas, isolados ou empatados na margem de erro.</unit id="1127">
  <unit id="1128">Se a fórmula for mais rígida, o resultado se altera um pouco. Por exemplo, quando são incluídos no cenário apenas os líderes isolados na pesquisas, fora da margem de erro. Nesse caso, mantém-se um Senado com 18 partidos representados em 2015, mas o tamanho das bancadas seria diferente.</unit id="1128">
  <unit id="1129">Nessa simulação, o PMDB seguiria líder com 15 senadores. O PSDB, com 10, superaria o PT, que teria 9 cadeiras. O PSB teria 7 senadores e o DEM, 4. PDT, PP e PR teriam 3 senadores cada um. PSD ficaria com 2 cadeiras. As demais legendas teriam 1 senador cada uma.</unit id="1129">
  <unit id="1130">A seguir, a tabela com as disputas pelo Senado nas 27 unidades da Federação:</unit id="1130">
  <unit id="1131">O Senado tem 81 cadeiras –são 3 para cada uma das 27 unidades da Federação. Os mandatos são de 8 anos, mas a renovação é parcial, a cada 4 anos. Neste ano de 2014, serão eleitos apenas 27 senadores (1/3 da Casa). Em 2018, serão renovadas 54 cadeiras (2/3 das vagas). Em 2022, voltam a ser disputadas apenas 27 cadeiras. E assim sucessivamente, a cada 4 anos.</unit id="1131">
  <unit id="1132">Este Blog mantém a mais completa página de pesquisas eleitorais da internet brasileira, com levantamentos de todos os institutos desde o ano 2000. É possível consultar os cenários do 1º turno de 2014 para as disputas de presidente, governador e senador e do 2° turno de 2014 para presidente e governador.</unit id="1132">
  <unit id="1133">As informações são do Blog do jornalista Fernando Rodrigues, no UOL, empresa do Grupo Folha</unit id="1133">
  <unit id="1134">O Senado deverá abrigar em 2015 integrantes de 18 partidos políticos diferentes. Esse cenário emerge das pesquisas de intenção de voto mais recentes. Confirmada essa previsão nas urnas, será a composição mais pulverizada da história do Senado.</unit id="1134">
  <unit id="1135">Em 2002, primeiro ano do governo de Luiz Inácio Lula da Silva, o Senado tinha 9 legendas representadas, metade da projeção para 2015. Hoje, a Casa já conta com senadores de 16 partidos diferentes. Confira abaixo a evolução das bancadas nos últimos 20 anos, desde 1994, período no qual se iniciou e avançou o fenômeno da pulverização das vagas no Senado.</unit id="1135">
  <unit id="1136">O Senado repete a mesma trajetória a Câmara dos Deputados, que também tem aumentado o número de legendas representadas. Hoje, 22 partidos políticos têm deputados federais.</unit id="1136">
  <unit id="1137">O PMDB, maior bancada no Senado desde 1994, deve manter o posto no próximo ano. A previsão é de que 17 senadores sejam peemedebistas –uma redução de duas cadeiras em relação à composição atual. Ou seja, o maior partido no Senado terá o equivalente a apenas 21% dos votos na Casa.</unit id="1137">