<?xml version='1.0' encoding='UTF-8'?>
<document>
  <info type="id" value="0070"/>
  <info type="schema" value="paragraphs"/>
  <info type="source" value="R070"/>
  <info type="source-corpus" value="C1"/>
  <info type="annotator" value="uam"/>
  <unit id="0760">O candidato ao governo de São Paulo, Paulo Skaf (PMDB) fez campanha nesta quarta-feira (10) em Marília (SP). Ele deu entrevistas para emissoras de TV e rádio locais e depois visitou uma obra de casas populares da CDHU que está parada.</unit id="0760">
  <unit id="0761">No local, o peemedebista falou sobre o déficit habitacional do estado, que segundo ele seria de mais de um milhão e meio de moradias, sendo que 700 mil só no interior de São Paulo. O candidato acredita que faltam projetos habitacionais.</unit id="0761">
  <unit id="0762">“A CDHU não está funcionando como deveria. Funciona quase parando, tem um potencial, tem uma equipe bem preparada e poderia estar sendo muito melhor aproveitada, que o que pretendo fazer se eleito governador. Aqui temos um exemplo, um conjunto habitacional que começou a ser construído a 8 anos e está parado. Vim aqui hoje e não tem ninguém trabalhando”, declarou.</unit id="0762">
  <unit id="0763">No último compromisso em Marília, Paulo Skaf visitou uma favela na zona oeste de Marília, o bairro Argolo Ferrão. Na comunidade carente de serviços básicos, o candidato disse que ser for eleito vai fazer um plano para as regiões que ainda não tem saneamento.</unit id="0763">
  <unit id="0764">“Eu tenho visitado bairros carentes em todas as cidades que visito no interior de SP e o que se vê é um absurdo, a falta de moradias descentes, as pessoas vivendo se virando, sem a presença do estado, sem saneamento, sem escolas, sem transporte de qualidade. Então como governador nós vamos cuidar desses bairros”, prometeu.</unit id="0764">
  <unit id="0765">Alckmin tem 49%, Skaf, 22%, e Padilha, 9%, aponta Datafolha                                                  Instituto entrevistou 2.046 eleitores nos dias 8 e 9 de setembro. Margem de erro é de dois pontos percentuais, para mais ou para menos.</unit id="0765">
  <unit id="0766">Alunos do Senac de Bauru oferecem atendimento gratuito de manicure                                                   Objetivo é aprimorar as técnicas. Atendimentos devem ser agendados.</unit id="0766">
  <unit id="0767">Dupla é flagrada pichando muros de escola em Marília                                                  Homens de 21 e 29 anos foram ouvidos e liberados. Dois tubos de tinta spray e um pincel foram apreendidos.</unit id="0767">
  <unit id="0768">Alckmin tem 48%, Skaf, 18%, e Padilha, 8%, aponta Ibope                                                  Margem de erro é de dois pontos percentuais, para mais ou para menos. Instituto entrevistou 2.002 eleitores entre 6 e 8 de setembro.</unit id="0768">