<?xml version='1.0' encoding='UTF-8'?>
<document>
  <info type="id" value="0007"/>
  <info type="schema" value="paragraphs"/>
  <info type="source" value="R007"/>
  <info type="source-corpus" value="C1"/>
  <info type="annotator" value="uam"/>
  <unit id="0069">HOMENAGEM</unit id="0069">
  <unit id="0070">Dilma fez uma homenagem a mulheres que foram presas com ela durante o regime militar (1964-1985). Ela recebeu algumas companheiras no palco.</unit id="0070">
  <unit id="0071">"Fomos para a prisão porque naquela época lutar pelos direitos do povo dava cadeia, como deu para o ex-presidente Lula, mas também para essas mulheres", disse. "Elas fazem parte da minha vida, elas fazem parte de mim."</unit id="0071">
  <unit id="0072">Em mais uma provocação pública à sua adversária Marina Silva (PSB), a presidente Dilma Rousseff afirmou neste sábado (6) que "não se pode mudar de posição todos os dias" e que ao ceder às pressões pode "perder a cara e alma".</unit id="0072">
  <unit id="0073">A fala foi dirigida para uma plateia de mulheres militantes do PT e de partidos aliados. Dilma, mais uma vez, usou o roteiro traçado pelo partido para desgastar a imagem de Marina.</unit id="0073">
  <unit id="0074">A petista voltou a criticar "vira-casacas" e pessimistas. Após assumir a vaga de presidenciável do PSB, Marina tem sido acusada de mudar de posição sobre a revisão da lei de anistia, além de ter recuado em seu programa de governo sobre reivindicações do movimento gay.</unit id="0074">
  <unit id="0075">Depois da posição da adversária, a campanha de Dilma se comprometeu com a criminalização da homofobia, proposta que o governo já segurou a tramitação no Congresso.</unit id="0075">
  <unit id="0076">"Você não pode mudar de posição todos os dias. Ou você tem convicção naquilo que você diz que faz ou não tem força para lutar nem para conquistar", alfinetou. "Mas a gente sabe que se ceder perde a cara, alma e perde uma coisa muito forte que é a fé", completou.</unit id="0076">
  <unit id="0077">Dilma afirmou ainda que no comando do país é constantemente pressionada. "Não é possível defender uma coisa hoje e mudar de tarde só porque te pressionaram. Se tem alguém que é pressionado nesse país é o presidente ou a presidenta".</unit id="0077">
  <unit id="0078">A presidente disse que as propostas que estão sendo apresentadas "são muito ruins", como defender que recursos do pré-sal não tem importância. Ela voltou a atacar as propostas econômicas de Marina dizendo que elas colocam em risco programas sociais e conquistas dos últimos anos.</unit id="0078">
  <unit id="0079">"Se gente não ficar muito vivo, nós vamos perder tudo que nós conquistamos com o suor no nosso rosto porque ninguém nos deu não".</unit id="0079">