<?xml version='1.0' encoding='UTF-8'?>
<document>
  <info type="id" value="0045"/>
  <info type="schema" value="paragraphs"/>
  <info type="source" value="R045"/>
  <info type="source-corpus" value="C1"/>
  <info type="annotator" value="uam"/>
  <unit id="0554">Ainda de acordo com assessores, o petista deve retornar ao ministério ao final do processo eleitoral. No lugar de Rossetto, assume interinamente o comando do ministério o secretário-executivo da pasta, Laudemir Müller.</unit id="0554">
  <unit id="0555">Atualmente, a coordenação da campanha de Dilma é exercida pelo presidente nacional do PT, Rui Falcão, e pelo ex-chefe de gabinete da Presidência Giles Azevedo. Segundo a assessoria de Rossetto, a orientação repassada ao ministro é de que, inicialmente, ele será um dos coordenadores da campanha presidencial petista.</unit id="0555">
  <unit id="0556">Na tarde desta segunda, a campanha de Dilma divulgou nota para informar que, mesmo com a entrada de Rossetto – e também do ministro Gilberto Carvalho, que entrou em férias para se dedicar à campanha –, a coordenação geral da campanha permanece com o presidente do PT, Rui Falcão.</unit id="0556">
  <unit id="0557">Assessores do titular do Desenvolvimento Agrário ressaltaram que ele será responsável por definir a linha política da campanha. Entre as novas atribuições de Rossetto, está a definição de estratégias para enfrentar eventuais ataques de adversários de Dilma na corrida pelo Palácio do Planalto.</unit id="0557">
  <unit id="0558">A decisão de que o ministro se dedicaria exclusivamente à campanha, destacou a assessoria, foi tomada em conjunto com a presidente da República. Dilma e Rossetto trabalharam juntos no governo gaúcho durante a gestão de Olívio Dutra (1999-2002). À época, ele era vice-governador do Estado e ela comandava a Secretaria de Minas, Energia e Telecomunicações. Mais tarde, os dois voltaram a ser colegas no governo Luiz Inácio Lula da Silva (2003-2010).</unit id="0558">
  <unit id="0559">Segundo a assessoria do Ministério do Desenvolvimento Agrário, a ida de Rossetto para a campanha não tem relação com as informações de que o ex-diretor da Petrobras Paulo Roberto Costa teria citado os nomes de vários integrantes da base aliada e inclusive de um ministro de Estado durante depoimentos de delação premiada. A denúncia foi publicada na edição deste final de semana da revista "Veja".</unit id="0559">
  <unit id="0560">Horas após a exoneração de Rossetto ter sido publicada no Diário Oficial da União, a presidente Dilma Rousseff afirmou, em entrevista coletiva no Palácio da Alvorada, que são “mentirosas” as informações de que a decisão de transferir Miguel Rossetto para a coordenação da campanha teria sido motivada pela denúncia do esquema corrupção na Petrobras.</unit id="0560">
  <unit id="0561">“Isso é uma mentira, uma inverdade. O Rossetto está na coordenação de campanha porque foi decidido na semana passada. É uma pessoa experimentada, foi vice-governador do Rio Grande do Sul, sabe perfeitamente o que é uma campanha, tem qualificação, é de altíssima qualidade e é muito próximo de mim”, disse.</unit id="0561">
  <unit id="0562">Rossetto passou parte do último domingo (7) reunido com Dilma no Palácio da Alvorada. Na manhã desta segunda, o ministro voltou à residência oficial da Presidência para novo encontro com a presidenciável petista. Além de Rossetto, participaram da reunião desta segunda o ministro da Casa Civil, Aloizio Mercadante, e o ex-ministro de Comunicação Social Franklin Martins e Rui Falcão.</unit id="0562">
  <unit id="0563">Ministros acompanharão abertura da Copa em centros de monitoramento                                                  Titulares da Justiça e da Casa Civil irão monitorar manifestações no país. Monitores irão exibir o jogo do Brasil nas duas estruturas de segurança.</unit id="0563">
  <unit id="0564">O ministro do Desenvolvimento Agrário, Miguel Rossetto (PT-RS), se licenciou do cargo para, a partir desta segunda-feira (8), atuar na coordenação da campanha à reeleição da presidente Dilma Rousseff, informou a assessoria da pasta. A exoneração de Rossetto foi publicada na edição desta segunda do "Diário Oficial da União".</unit id="0564">