<?xml version='1.0' encoding='UTF-8'?>
<document>
  <info type="id" value="0026"/>
  <info type="schema" value="paragraphs"/>
  <info type="source" value="R026"/>
  <info type="source-corpus" value="C1"/>
  <info type="annotator" value="uam"/>
  <unit id="0305">A candidata do PSB à Presidência, Marina Silva, reagiu neste domingo (7) às críticas do ex-presidente Luiz Inácio Lula da Silva de que não teria lido seu programa de governo ou não teria aprendido com os debates dos quais participou em seu governo.</unit id="0305">
  <unit id="0306">Marina disse que a fala de Lula é "pouco criativa" e repetitiva, já que recicla ataques feitos a ele quando o petista tentava viabilizar sua chegada ao Palácio do Planalto.</unit id="0306">
  <unit id="0307">"Eu até esperava um pouco mais de criatividade do [ex-] presidente Lula no debate politico. Eu espero que pelo menos com ele seja o debate. Ele, infelizmente, se de fato disse aquilo que está nos jornais, está recorrendo a um acervo de desqualificações e preconceitos que eram feitos antes com ele", afirmou Marina.</unit id="0307">
  <unit id="0308">"Eu escutei muita gente dizendo isso do ex-presidente Lula, de que talvez por ser um operário, uma pessoa simples, eu escutava muita gente dizer: 'isso foi o Mercadante [Aloizio, ministro da Casa Civil] que fez, o Lula nem leu isso'. E nós íamos para a linha de frente sabendo que ele era capaz e inteligente", completou a presidenciável, durante agenda em São Paulo.</unit id="0308">
  <unit id="0309">Marina disse que o ataque pode ser por sua origem humilde.</unit id="0309">
  <unit id="0310">"Nesse momento estão usando os mesmo preconceitos contra mim. Talvez pelo fato de ser de origem [humilde], filha de seringueiros, negra, tendo sido analfabeta até os 16 anos e uma pessoa com trajetória de vida que permite àquele que usam do preconceito como ferramenta política para fazer a desqualificação", afirmou.</unit id="0310">
  <unit id="0311">A presidenciável disse ainda que "lamentava" a posição de Lula.</unit id="0311">
  <unit id="0312">"É o mesmo acervo, mesmo repertório contra ele que eu, durante a minha vida inteira [nas eleições que participou], eu ia para linha de frente contra esse tipo de preconceito e discriminação. Espero que não tenha dito da forma como esta dito, porque é pouco criativo, até repetitivo."</unit id="0312">
  <unit id="0313">Ex-militante histórica do PT, Marina deixou o partido em 2009. Ela foi ministra do Meio Ambiente durante cinco anos do governo do ex-presidente Lula.</unit id="0313">
  <unit id="0314">'PAPAGAIADA'</unit id="0314">
  <unit id="0315">Na sexta-feira (5), o ex-presidente assumiu o embate direto com Marina, que virou a principal adversária da presidente Dilma Rousseff na briga pelo Planalto.</unit id="0315">
  <unit id="0316">Após uma série de alfinetadas públicas, Lula citou nominalmente Marina e disse que ainda está destrinchando o programa de governo da "companheira".</unit id="0316">
  <unit id="0317">Agora, a nova estratégia petista é ligar Marina às privatizações, que sempre marcaram embate do PT com o PSDB em disputas eleitorais, e a um projeto "antipopular".</unit id="0317">
  <unit id="0318">Para uma plateia de militantes, o ex-presidente atacou as propostas econômicas da candidata do PSB, em especial a autonomia do Banco Central, que ele classificou de "papagaiada".</unit id="0318">
  <unit id="0319">Ele afirmou ainda que a ideia da adversária de deixar o pré-sal em segundo plano foi um recuo da parte dela para fazer um aceno ao agronegócio, que sempre demonstrou resistência a seu nome.</unit id="0319">
  <unit id="0320">"Estou destrinchando o programa da Marina porque eu não vou ter divergência pessoal com a Marina. Agora, governar esse país, não é um clube de amigos. É saber com que a pessoa está, para quem a pessoa vai governar", afirmou o petista.</unit id="0320">
  <unit id="0321">"Sinceramente, não sei se a companheira Marina leu o programa que fizeram para ela. Se ela leu, não aprendeu nada nas discussões que fizemos quando ela estava no governo", completou.</unit id="0321">