<?xml version='1.0' encoding='UTF-8'?>
<document>
  <info type="id" value="0083"/>
  <info type="schema" value="paragraphs"/>
  <info type="source" value="R083"/>
  <info type="source-corpus" value="C1"/>
  <info type="annotator" value="uam"/>
  <unit id="0900">Ele defendeu sanções aos países produtores de drogas caso se verifique falhas no combate a traficantes. Ele citou como exemplo a Bolívia que, segundo ele, produz mais folhas de coca do que o consumido pela população. O excedente, avalia o tucano, vai para produção de drogas.</unit id="0900">
  <unit id="0901">Aécio se comprometeu a não propor a privatização da Petrobras. Questionado sobre o tema, disse que vai "reestatizar" a empresa. "Vou devolver aos brasileiros. Eu vou tirar a Petrobras da política."</unit id="0901">
  <unit id="0902">O senador Aécio Neves (PSDB), candidato à Presidência, criticou nesta quarta-feira (10) a proposta da adversária Marina Silva (PSB) de governar com o apoio de quadros do PT e do PSDB, se eleita. Ele afirmou que ela, se eleita, governaria com o "terceiro time" da sigla.</unit id="0902">
  <unit id="0903">Durante sabatina do jornal "O Globo", Aécio não quis confirmar um eventual apoio a Marina no segundo turno. Mas disse ser obrigação de qualquer "líder político ter uma posição". Em contrapartida, afirmou só haver dois caminhos para o PSDB: "ou vence e é governo, ou perde e é oposição".</unit id="0903">
  <unit id="0904">"Temos [a candidatura do PSDB] uma seleção nacional qualificadíssima em todas as áreas. Eu fico olhando... Um falhou. A outra alternativa é a Marina, que fala em nova política. Será que é governar com o terceiro time do PT ou do PSDB? [...] Não busquei o segundo ou o terceiro melhor. Eu tenho os melhores", disse Aécio.</unit id="0904">
  <unit id="0905">Apesar do ataque, Aécio disse que não faz "críticas pessoais" a Marina. E sinalizou que pode apoiar a candidata do PSB num eventual segundo turno contra a presidente Dilma Rousseff.</unit id="0905">
  <unit id="0906">Questionado sobre o tema, afirmou: "Falar sobre isso seria reconhecer que não estarei no segundo turno, o que não acredito. Mas o que posso dizer é que todo líder político tem que ter posição, mesmo que não atenda aos seus interesses políticos."</unit id="0906">
  <unit id="0907">Ele afirmou ainda lamentar o fato de Marina não ter apoiado José Serra (PSDB) no segundo turno das eleições de 2010, quando Dilma foi eleita. O tucano classificou a atual corrida eleitoral como "uma segunda eleição", após a morte do candidato Eduardo Campos (PSB). Ele disse que vai virar o jogo, principalmente em Minas Gerais, Estado que governou por oito anos e também está em terceiro nas pesquisas.</unit id="0907">
  <unit id="0908">Aécio –que foi eleito por dois mandatos consecutivos governador de Minas Gerais– se comprometeu a propor lei pelo fim da reeleição. Mas não quis se comprometer, caso eleito, a concorrer a um novo mandato se a proposta não passar no Congresso.</unit id="0908">
  <unit id="0909">"Reeleição faz mal ao Brasil. Falo isso porque vivi essa experiência, sendo reeleito. É uma covardia, uma disputa desigual. E a atual presidente da República acabou por desmoralizar a reeleição", disse o tucano.</unit id="0909">