<?xml version='1.0' encoding='UTF-8'?>
<document>
  <info type="id" value="0117"/>
  <info type="schema" value="paragraphs"/>
  <info type="source" value="R117"/>
  <info type="source-corpus" value="C1"/>
  <info type="annotator" value="uam"/>
  <unit id="1273">O primeiro candidato a ser sabatinado pelo jornalista César Tralli, no estúdio do telejornal, é Paulo Skaf, do PMDB.</unit id="1273">
  <unit id="1274">Na terça-feira (16) é a vez de Geraldo Alckmin, do PSDB. Alexandre Padilha, do PT, encerra o segundo ciclo de entrevistas na quarta (17).</unit id="1274">
  <unit id="1275">A ordem das entrevistas foi definida por sorteio, com a presença de representantes dos partidos. O debate está previsto para o dia 30 de setembro.</unit id="1275">
  <unit id="1276">O SPTV 1ª edição vai ao ar logo após o programa “Encontro com Fátima Bernardes”.</unit id="1276">
  <unit id="1277">Em 2 meses de campanha, Alckmin é candidato que mais arrecada em SP                                                  Receita da campanha do tucano é de R$ 14 milhões. Já Paulo Skaf, do PMDB, arrecadou R$ 10,3 milhões</unit id="1277">
  <unit id="1278">O SPTV 1ª edição fará, a partir desta segunda-feira (15), nova rodada de entrevistas com os candidatos ao governo de São Paulo.</unit id="1278">