<?xml version='1.0' encoding='UTF-8'?>
<document>
  <info type="id" value="0077"/>
  <info type="schema" value="paragraphs"/>
  <info type="source" value="R077"/>
  <info type="source-corpus" value="C1"/>
  <info type="annotator" value="uam"/>
  <unit id="0837">O presidenciável Aécio Neves (PSDB) é apoiado no Estado por Ana Amélia.</unit id="0837">
  <unit id="0838">A pesquisa Datafolha foi registrada no Tribunal Superior Eleitoral com os protocolos RS 00015/2014 e BR 00584/2014.</unit id="0838">
  <unit id="0839">O quadro da disputa pelo governo do Rio Grande do Sul continua inalterado, aponta pesquisa Datafolha realizada em parceira com o grupo RBS. A senadora Ana Amélia Lemos (PP) e o governador Tarso Genro (PT), que lideram as preferências do eleitor, oscilaram para baixo em relação à semana passada.</unit id="0839">
  <unit id="0840">A candidata do PP tem 37% das intenções de voto, contra 28% do rival petista. A diferença oscilou de oito para nove pontos percentuais –na semana passada Ana Amélia tinha 39% e Tarso, 31%.</unit id="0840">
  <unit id="0841">O terceiro colocado é José Ivo Sartori (PMDB), apoiado pela presidenciável Marina Silva (PSB) –tinha 10% e agora oscilou para 11%. O pedetista Vieira da Cunha se manteve em quarto, com 2%. Roberto Robaina (PSOL) teve 1%, e os demais não pontuaram.</unit id="0841">
  <unit id="0842">Votos brancos e nulos e somam 3%. Não souberam ou não quiseram opinar 17% dos entrevistados.</unit id="0842">
  <unit id="0843">O Datafolha simulou um segundo turno entre os dois candidatos à frente. Nesse cenário, Ana Amélia também lidera –49% a 36%, ante 49% a 39% na semana anterior.</unit id="0843">
  <unit id="0844">O Datafolha ouviu 1.258 eleitores em 48 cidades entre segunda (8) e terça-feira (9). A margem de erro da pesquisa é de três pontos percentuais para mais ou para menos.</unit id="0844">
  <unit id="0845">Tarso é o candidato com a maior rejeição: 24% dos eleitores não votariam nele de jeito nenhum, ante 14% de Ana Amélia.</unit id="0845">
  <unit id="0846">Na campanha, mesmo sem a dianteira nas pesquisas, Tarso Genro vem sendo o candidato mais atacado.</unit id="0846">
  <unit id="0847">Na semana passada, adotou nova tática para tentar reverter a vantagem de Ana Amélia. Em debate, repetiu que a rival "não conhece o Rio Grande" porque "morou 40 anos em Brasília".</unit id="0847">
  <unit id="0848">A candidata é gaúcha, mas se tornou conhecida no Estado trabalhando como jornalista na capital federal até 2010. Era correspondente do grupo RBS, a principal rede de comunicação do Estado.</unit id="0848">
  <unit id="0849">A senadora conta com a boa infraestrutura de seu partido no interior e vem enfatizando sua ligação com o setor rural. Em 2012, o PP foi a sigla com mais prefeitos eleitos no Estado.</unit id="0849">
  <unit id="0850">Tarso tem como base eleitoral Porto Alegre, cidade que governou duas vezes (1993-1996 e 2001-2002) e onde o PT tem tradição de boas votações.</unit id="0850">
  <unit id="0851">Em terceiro lugar, o peemedebista Sartori passou a apostar nas últimas semanas no vínculo de sua coligação com Marina Silva.</unit id="0851">
  <unit id="0852">O candidato exibiu na TV mensagens em que Marina o chama de "humanista", e promoveu um comício com a presidenciável no interior na semana passada.</unit id="0852">