<?xml version='1.0' encoding='UTF-8'?>
<document>
  <info type="id" value="0031"/>
  <info type="schema" value="paragraphs"/>
  <info type="source" value="R031"/>
  <info type="source-corpus" value="C1"/>
  <info type="annotator" value="uam"/>
  <unit id="0371">No dia em que a presidente Dilma Rousseff usou o programa eleitoral para afirmar que Marina Silva é "uma das vozes que ameaçam" a exploração do petróleo do pré-sal, a candidata do PSB dedicou discursos e entrevistas neste sábado (6) a rebater as afirmações da rival.</unit id="0371">
  <unit id="0372">Em campanha em Brumado e Vitória da Conquista, no sudoeste baiano, Marina repetiu que vem sendo alvo de "mentiras" e "boatos".</unit id="0372">
  <unit id="0373">"Quem estão ameaçando o pré-sal não somos nós. Vamos manter a exploração do pré-sal", disse Marina em comício em Brumado no final da manhã.</unit id="0373">
  <unit id="0374">No programa eleitoral veiculado à tarde, Dilma cita Marina como "uma das vozes que ameaçam essa grande riqueza nacional". "A candidata Matina Silva é uma delas, pois tem defendido o fim da prioridade ao pré-sal", afirma a presidente na propaganda, citando "conseqüências terríveis" para o desenvolvimento do Brasil.</unit id="0374">
  <unit id="0375">O tema pré-sal passou a ser explorado pela campanha petista após a divulgação do programa de governo de Marina, que enfatiza a exploração de outras fontes de energia, como eólica e solar, com apenas uma menção à exploração do petróleo dessa camada.</unit id="0375">
  <unit id="0376">Marina cobrou a divulgação dos programas de Dilma e de Aécio Neves (PSDB), que ainda não o fizeram, e também procurou se dissociar do rótulo de "pessimista", citado pela campanha da presidente desde o início da corrida eleitoral em relação a críticos em geral.</unit id="0376">
  <unit id="0377">"Eu não sou uma pessoa pessimista. Não sou também uma pessoa otimista ingênua. O que eu sou é persistente", afirmou a candidata em comício em Vitória da Conquista.</unit id="0377">
  <unit id="0378">No discurso de cerca de 20 minutos na cidade baiana, Marina começou agradecendo "a Deus", depois "a todas as pessoas". Disse que há uma "onda verde e amarela" no país e que busca "mudança com responsabilidade".</unit id="0378">
  <unit id="0379">A ex-ministra de Lula, que deixou o governo em 2008, citou sua trajetória de "30 anos de luta na política" e o passado de "filha de seringueiro" no Acre. Relembrou sua primeira eleição ao Senado em 1994 e voltou a mencionar a frase do escritor francês Victor Hugo (1802-1885) sobre a "ideia cuja oportunidade chegou".</unit id="0379">
  <unit id="0380">A candidata citou os rivais ao afirmar que "adversários estão nos agredindo porque têm medo". "O povo acordou", disse. "Eles pensam que o que faz ganhar eleição é a indústria do boato, das calúnias, a estrutura do dinheiro, do tempo de TV."</unit id="0380">
  <unit id="0381">Marina trocou a expressão "nova política", comum na campanha com Eduardo Campos, por "nova postura". "O que vai ganhar a eleição é uma nova postura, de cada cidadão", disse. Afirmou que "ninguém governa sozinho", numa tentativa de negar eventuais problemas de governabilidade numa gestão pessebista.</unit id="0381">
  <unit id="0382">Ela terminou o discurso conclamando o público a rebater "mentiras que estão sendo espalhadas" na internet contra sua candidatura. Pediu ajuda nas redes sociais e citou a frase de Eduardo Campos sobre "não desistir do Brasil", afirmando que manterá iniciativas como o Bolsa Família e a construção de ferrovias.</unit id="0382">