<?xml version='1.0' encoding='UTF-8'?>
<document>
  <info type="id" value="0065"/>
  <info type="schema" value="paragraphs"/>
  <info type="source" value="R065"/>
  <info type="source-corpus" value="C1"/>
  <info type="annotator" value="uam"/>
  <unit id="0728">Rio - O candidato à Presidência pelo PSDB, Aécio Neves, ao criticar o discurso de Marina Silva (PSB) de que vai governar com os melhores quadros de todos os partidos, não cogitou a hipótese de o PSDB ceder nomes para um possível governo da ex-ministra.</unit id="0728">
  <unit id="0729">"Ou vencemos as eleições e seremos governo, ou perdemos as eleições e seremos oposição", afirmou o candidato em entrevista a jornalistas depois de participar de sabatina do jornal O Globo. O tucano reiterou a "preocupação" com um possível governo de Marina que dê prioridade a pessoas, sem levar em conta a relação institucional entre os partidos.</unit id="0729">
  <unit id="0730">Durante a sabatina, Aécio criticou também o discurso de Marina Silva, de rejeição ao que chama de velha política e promessa de que vai governar com "os melhores nomes" (como diz Marina) de vários partidos. "A nova política será a que governa com o terceiro time do PSDB e do PT?", questionou. Aécio continuou: "Se você nega os partidos e diz que vai governar com pessoas, não sei onde vai dar".</unit id="0730">
  <unit id="0731">A ex-ministra vem sinalizando que, caso eleita, não teria problemas de se aproximar de nomes como José Serra, correligionário de Aécio, e o petista Eduardo Suplicy, em seu governo.</unit id="0731">
  <unit id="0732">O tucano disse ainda que após a morte de Eduardo Campos (PSB) deu-se o início do que chamou de "uma segunda eleição". Para ele, o cenário atual ainda está "sob efeito de uma grande embaralhada das cartas".</unit id="0732">
  <unit id="0733">Reeleição. Sobre a reeleição, disse que foi um mal para o Brasil. "Fui reeleito, é uma covardia, é desigual. Ele criticou a estrutura montada pela presidente, quando viaja em campanha. "A presidente desmoralizou a reeleição."</unit id="0733">
  <unit id="0734">Lembrado de que a reeleição foi instituída no governo Fernando Henrique Cardoso, disse que foi uma "experiência que o Brasil buscou". O candidato voltou a defender o fim da reeleição com mandato de cinco anos para os governantes.</unit id="0734">
  <unit id="0735">Economia. Aécio voltou a afirmar que o quadro econômico que se espera no Brasil "é muito preocupante" em 2015. Ele criticou ainda o cenário atual, com "inflação batendo o teto da meta e um quadro recessivo na economia".</unit id="0735">
  <unit id="0736">"Não teremos uma recuperação da economia mundial muito grande, que poderia ser a salvação. Temos que olhar para dentro. A condução transparente da política econômica vai ajudar o País a voltar a crescer", afirmou durante a sabatina. Aécio defendeu uma política econômica de longo prazo, com previsibilidade. "A nossa eleição vai sinalizar a baixa dos juros em longo prazo e o resgate dos investimentos".</unit id="0736">
  <unit id="0737">O candidato afirmou ainda que a Petrobrás tem sido usada pelo governo atual como "instrumento da política econômica". A respeito das recentes denúncias, disse que "está na hora de termos um governo que assuma as suas responsabilidades".</unit id="0737">
  <unit id="0738">Ainda sobre a companhia disse que, caso eleito, irá "tirar a Petrobrás da política", acrescentando que o pré-sal "é um tesouro que nós temos".</unit id="0738">
  <unit id="0739">"Vou tirar a Petrobrás da política, (a companhia) vai ser ocupada por quadros qualificados", afirmou. Aécio afirmou ainda que o Brasil perdeu tempo enorme, do período de transição dos modelos de concessão, ressaltando que "o que está hoje produzindo no pré-sal começou a ser produzido no governo FHC".</unit id="0739">
  <unit id="0740">Questionado sobre quais medidas amargas poderiam ser tomadas pelo seu governo para retomada da economia, respondeu que o governo atual "já fez todas". "Foram tomadas por esse governo que fez (a economia) desandar. O meu governo será da previsibilidade." Entre as primeiras ações do seu governo nessa área, citou a "simplificação do sistema tributário".</unit id="0740">