<?xml version='1.0' encoding='UTF-8'?>
<document>
  <info type="id" value="0064"/>
  <info type="schema" value="paragraphs"/>
  <info type="source" value="R064"/>
  <info type="source-corpus" value="C1"/>
  <info type="annotator" value="uam"/>
  <unit id="0722">Após o "spoiler" (termo referente à revelação de desfechos de filmes e seriados) da reportagem do jornal O Estado de S.Paulo, a presidente Dilma Rousseff disse nesta quarta-feira (10) que terminou de assistir à terceira temporada do seriado britânico "Downton Abbey" e já comprou o box de DVDs da quarta.</unit id="0722">
  <unit id="0723">Na última segunda-feira (8), após participar do Estadão Entrevistas, a presidente conversou com os repórteres do Grupo Estado por 40 minutos. Na ocasião, a petista tinha sugerido ter terminado de acompanhar pelo Netflix a terceira temporada de "Downton Abbey", seriado que retrata uma família da aristocracia inglesa, sua relação com os empregados e as transformações na sociedade no início do século XX.</unit id="0723">
  <unit id="0724">Questionada pelo Estado se havia chorado com a morte trágica do protagonista, Dilma ficou surpresa com o desfecho da trama. "Não sabia disso. Eu tô acabando o último (episódio), não é o Matthew morrendo. Me contar que o Matthew morre...", queixou-se.</unit id="0724">
  <unit id="0725">Nesta quarta-feira, Dilma começou a coletiva de imprensa no Palácio da Alvorada procurando o repórter que acidentalmente havia feito o "spoiler". "Cadê aquele rapaz do Estadão? Eu assisti", disse, bem-humorada. E chorou? "Não, porque você já tinha me contado", respondeu, arrancando gargalhadas dos presentes.</unit id="0725">
  <unit id="0726">"Sabe o que é? Faltava um pedaço do último episódio", comentou Dilma, aos risos. "Ele me contou que o cara morre, só isso." E prosseguiu: "Mas eu consegui a quarta temporada, viu? Você falou que tinha em DVD e tem."</unit id="0726">
  <unit id="0727">A quarta temporada de "Downton Abbey" foi exibida recentemente na TV a cabo brasileira, mas ainda não chegou ao Netflix. O seriado recebeu neste ano sete indicações ao Emmy, considerado o Oscar da televisão, em categorias como melhor série dramática, melhor atriz em série dramática e melhor direção de série dramática - mas saiu da premiação de mãos vazias.</unit id="0727">