<?xml version='1.0' encoding='UTF-8'?>
<document>
  <info type="id" value="0048"/>
  <info type="schema" value="paragraphs"/>
  <info type="source" value="R048"/>
  <info type="source-corpus" value="C1"/>
  <info type="annotator" value="uam"/>
  <unit id="0585">O candidato do PSDB à Presidência, Aécio Neves, rebateu na noite desta segunda-feira (8) afirmação da presidente Dilma Rousseff (PT) de que jamais imaginou haver "malfeitos" em negócios da Petrobras. O tucano ironizou a argumentação de Dilma, que durante o governo Lula comandou o conselho diretor da Estatal, e disse que, se realmente não sabia de nada, a petista deve sair do governo por "absoluta incapacidade".</unit id="0585">
  <unit id="0586">"A presidente da República repete aquilo que já se transformou num mantra desse governo: 'eu não sabia'", inicia Aécio, lembrando frase dita pelo ex-presidente Luiz Inácio Lula da Silva quando estourou o escândalo do mensalão, em 2005. Na ocasião, em pronunciamento, Lula disse: "eu me sinto traído. Traído por práticas inaceitáveis das quais nunca tive conhecimento".</unit id="0586">
  <unit id="0587">Ao relacionar a declaração do antecessor de DIlma à petista, Aécio lembrou que Dilma comandou a área energética do governo e que foi presidente do conselho da Petrobras. "Será que é possível que alguém que por doze anos comandou com mãos de ferro a nossa maior empresa [...] não soubesse de nada? De duas, uma: se não sabia, não pode governar mais o Brasil por absoluta incapacidade. Se sabia, a coisa é mais grave", atacou em um vídeo publicado em suas redes sociais.</unit id="0587">
  <unit id="0588">"Nós esperamos que a CPMI (Comissão Parlamentar Mista de Inquérito) possa receber todas as informações sobre esse depoimento para que aqueles que eventualmente tenham assaltado a nossa maior empresa pública possam ser exemplarmente punidos", concluiu o tucano.</unit id="0588">