<?xml version='1.0' encoding='UTF-8'?>
<document>
  <info type="id" value="0080"/>
  <info type="schema" value="paragraphs"/>
  <info type="source" value="R080"/>
  <info type="source-corpus" value="C1"/>
  <info type="annotator" value="uam"/>
  <unit id="0871">O coordenador do programa de governo de Marina Silva –candidata do PSB à Presidência–, Maurício Rands, desqualificou nesta quarta-feira (10) as denúncias que ligam Eduardo Campos, presidenciável morto em um acidente aéreo em 13 de agosto, ao suposto esquema de corrupção na Petrobras.</unit id="0871">
  <unit id="0872">Campos foi um dos político citados pelo ex-diretor da estatal Paulo Roberto Costa, que em uma delação premiada entregou uma lista de pessoas supostamente beneficiadas pelo esquema. Rands classificou o ex-diretor de "criminoso".</unit id="0872">
  <unit id="0873">"O mecanismo da delação tem que ter fundamentos. Nem tudo o que uma pessoa presa que quer obter redução de pena diz é verdade", disse Rands, depois de participar do Fórum Nacional, no BNDES, no Rio.</unit id="0873">
  <unit id="0874">Segundo a revista "Veja", Costa listou o ex-governador de Pernambuco, o ministro Edison Lobão (Minas e Energia), líderes do Congresso como os presidentes da Câmara e do Senado, Henrique Eduardo Alves (PMDB-RN) e Renan Calheiros (PMDB-AL), entre os políticos que teriam sido beneficiados pelo desvio recursos de obras e projetos da estatal.</unit id="0874">
  <unit id="0875">Paulo Roberto Costa está preso desde março, como resultado das investigações da Operação Lava Jato, da Polícia Federal, que investiga esquema de evasão de divisas e lavagem de dinheiro. Em troca das informações, o ex-diretor poderá ter sua pena reduzida ou obter até mesmo um perdão judicial por seus crimes.</unit id="0875">
  <unit id="0876">"Campos foi governador e nunca cometeu qualquer deslize. Pelo contrário, ele foi exemplo de rigor. Não é a palavra de um criminoso que vai atingir um homem que está aqui para se defender. A vida pública dele fala por ele", afirmou o coordenador de Marina.</unit id="0876">
  <unit id="0877">Questionado se a relativização das acusações é aplicável aos demais suspeitos, Rands disse que "a vida pública de Campos fala por ele".</unit id="0877">
  <unit id="0878">"Cada um tem seu histórico é de limpeza na vida pública. Isso não vale para alguns dos outros", disse. "Como alguém que vinha denunciando sistematicamente os desmandos da Petrobras, como ele, poderia estar envolvida com os desmandos da empresa?".</unit id="0878">
  <unit id="0879">O coordenador disse ainda que, se Marina for eleita, seu governo vai promover uma "administração profissional baseada no mérito" na Petrobras e que não vai permitir represamento de reajustes dos combustíveis com o objetivo de impedir alta da inflação.</unit id="0879">
  <unit id="0880">"[Administração profissional] é você não utilizar a Petrobras como mecanismo equivocado de combate à inflação, causando um prejuízo imenso". Ele também afirmou que o pré-sal vai ter sua prioridade mantida em um possível governo de Marina.</unit id="0880">
  <unit id="0881">"Nunca no programa de Marina se cogitou não explorar o pré-sal. Vamos usar tecnologia cada vez mais avançada e desenvolver a cadeia produtiva. É absolutamente necessário para desenvolver o pais". Para ele, conciliar o crescimento do uso das fontes renováveis com o aumento da produção de petróleo é possível, e ambas as estratégias podem ser combinadas.</unit id="0881">
  <unit id="0882">Rands disse, ainda, que a mudança de perspectiva de risco de crédito do Brasil de estável para negativa, pela agência Moody's, anunciada nesta terça-feira (9), é resultado da "perda de credibilidade" do país.</unit id="0882">
  <unit id="0883">"A má condução macroeconômica e o adiamento das reformas estruturantes fez com que o Brasil perdesse credibilidade".</unit id="0883">