<?xml version='1.0' encoding='UTF-8'?>
<document>
  <info type="id" value="0001"/>
  <info type="schema" value="paragraphs"/>
  <info type="source" value="R001"/>
  <info type="source-corpus" value="C1"/>
  <info type="annotator" value="uam"/>
  <unit id="0001">Os candidatos à Presidência mais bem posicionados nas pesquisas arrecadaram, do início da campanha até o dia 2 de setembro, R$ 185 milhões em doações. A candidata do PT, Dilma Rousseff, foi a que mais captou: R$ 123,3 milhões, quase o dobro que a soma de seus dois principais adversários: Aécio Neves, do PSDB, que recebeu R$ 42,3 milhões; e Marina Silva, do PSB, com R$ 19,5 milhões.</unit id="0001">
  <unit id="0002">Os dados foram disponibilizados neste sábado (6) pelo Tribunal Superior Eleitoral e referem-se à segunda prestação de contas apresentadas pelos próprios candidatos. As doações cobrem o período de julho e agosto, os dois primeiros meses da campanha.</unit id="0002">
  <unit id="0003">A lei permite que os presidenciáveis arrecadem por dois meios: em uma conta aberta em nome do próprio candidato ou em conta do comitê financeiro da candidatura. Dilma recebeu pela conta do candidato. Já Aécio e Marina optaram por concentrar as doações na conta do comitê financeiro.</unit id="0003">
  <unit id="0004">As maiores doadoras para a campanha de Dilma são a Construtora OAS (que colaborou com R$ 20 milhões), o frigorífico JBS (com R$ 14,5 milhões) e a Construtora Andrade Gutierrez (R$ 11 milhões).</unit id="0004">
  <unit id="0005">Os maiores colaboradores da campanha de Aécio são a Andrade Gutierrez (com R$ 8 milhões), a JBS (R$ 5 milhões), além da OAS e do Banco Bradesco (cada um com R$ 3 milhões).</unit id="0005">
  <unit id="0006">A candidatura do PSB, inicialmente com Eduardo Campos e depois com Marina Silva, recebeu as maiores doações da JBS (que deu R$ 6 milhões), da companhia sucroalcooleira Copersucar (R$ 1,75 milhão) e da Arosuco Aromas e Sucos (R$ 1,5 milhão).</unit id="0006">
  <unit id="0007">A prestação de contas registrou também as despesas dos candidatos, em geral, destinadas à produção de programas para TV e rádio, material impresso de propaganda, transporte aéreo e locação de imóveis, além de repasses em apoio a outras candidaturas do partido.</unit id="0007">
  <unit id="0008">Em dois meses, a candidatura de Dilma foi que mais gastou: R$ 50,5 milhões. Depois, vem a campanha de Aécio, com despesas que totalizam R$ 35,4 milhões. A campanha de Marina, por sua vez, realizou gastos que somam R$ 18,4 milhões. As despesas dos três principais candidatos totalizam R$ 104,3 milhões.</unit id="0008">
  <unit id="0009">saiba mais 	 			Dilma, Aécio e Campos obtêm 94% das doações a presidenciáveis</unit id="0009">
  <unit id="0010">Em MT, Ibope aponta: Dilma, 36%, Marina, 23%, e Aécio, 17%                                                   Instituto entrevistou 812 eleitores entre 31 de agosto e 2 de setembro. Margem de erro é de três pontos percentuais, para mais ou para menos.</unit id="0010">
  <unit id="0011">Em MS, Ibope aponta: Marina, 35%, Dilma, 33%, e Aécio, 17%                                                  Ibope ouviu 812 eleitores em 33 municípios de Mato Grosso do Sul. Margem de erro é de três pontos percentuais para mais ou para menos.</unit id="0011">
  <unit id="0012">No Paraná, Ibope aponta: Marina, 34%, Dilma, 28%, e Aécio, 22%                                                  Instituto entrevistou 1.008 eleitores no PR entre os dias 1º e 3 de setembro. Margem de erro é de três pontos percentuais para mais ou para menos.</unit id="0012">
  <unit id="0013">No DF, Marina tem 33%; Dilma, 23%; e Aécio, 20%, aponta Datafolha                                                  Instituto ouviu 668 eleitores em todo o DF nos dias 1 e 3 de setembro. Margem de erro é de quatro pontos percentuais, para mais ou para menos.</unit id="0013">