<?xml version='1.0' encoding='UTF-8'?>
<document>
  <info type="id" value="0101"/>
  <info type="schema" value="paragraphs"/>
  <info type="source" value="R101"/>
  <info type="source-corpus" value="C1"/>
  <info type="annotator" value="uam"/>
  <unit id="1095">A CNBB ainda não divulgou a lista completa com os demais candidatos que participarão do debate. O mediador será o jornalista e apresentador Rodolpho Gamberini.</unit id="1095">
  <unit id="1096">Em nota, a CNBB destacou o caráter "histórico" do evento para a comunidade católica, e informou que o encontro contará com transmissão ao vivo de "oito emissoras de inspiração católica, 230 rádios, bem como portais católicos."</unit id="1096">
  <unit id="1097">Em 2010, a CNBB reuniu os então presidenciáveis José Serra (PSDB), Marina Silva (à época, no PV), Plínio de Arruda Sampaio (PSOL) e Dilma Rousseff, que concorria pela primeira vez ao cargo. Naquele ano, temas que compõem a "agenda religiosa" –e que marcaram boa parte das discussões entre os candidatos ao longo da campanha– tiveram destaque, como a legalização do aborto</unit id="1097">
  <unit id="1098">Esse será o terceiro debate realizado entre os presidenciáveis no primeiro turno. O primeiro encontro foi transmitido pela Rede Bandeirantes, em 26 de agosto, e o segundo foi promovido pela Folha, UOL, SBT e Jovem Pan no último dia 1º.</unit id="1098">
  <unit id="1099">De acordo com a assessoria a entidade, os três presidenciáveis mais bem colocados nas últimas pesquisas eleitorais –a presidente Dilma Rousseff (PT), Marina Silva (PSB) e Aécio Neves (PSDB)– confirmaram presença no encontro, que acontecerá às 21h30 (horário de Brasília) e será transmitido ao vivo pela TV Aparecida.</unit id="1099">