<?xml version='1.0' encoding='UTF-8'?>
<document>
  <info type="id" value="0005"/>
  <info type="schema" value="paragraphs"/>
  <info type="source" value="R005"/>
  <info type="source-corpus" value="C1"/>
  <info type="annotator" value="uam"/>
  <unit id="0049">O candidato à Presidência Aécio Neves (PSDB) procurou neste sábado (6) associar a presidente Dilma Rousseff e o governo federal às denúncias de corrupção na Petrobras feitas pelo ex-diretor da estatal Paulo Roberto Costa.</unit id="0049">
  <unit id="0050">Na linha da mensagem em vídeo divulgada pela manhã, Aécio, em visita a Presidente Prudente (a 558 km de São Paulo), classificou o caso como "mensalão dois". Citou que Costa, que está preso desde junho e denunciou políticos que teriam se beneficiado do suposto esquema, foi "indicado no passado pelo PT e mantido no cargo pela atual presidente".</unit id="0050">
  <unit id="0051">"Não podemos agora tapar o sol com a peneira. A atual presidente da República controlou com mão de ferro essa empresa ao longo de todos os últimos 12 anos, como ministra de Minas e Energia e presidente do seu conselho [da Petrobras], depois como ministra-chefe da Casa Civil e ainda presidente do conselho, e depois como presidente da República", afirmou o tucano ao desembarcar no interior paulista com o governador Geraldo Alckmin (PSDB-SP) e o senador Aloysio Nunes Ferreira (PSDB-SP), vice em sua chapa.</unit id="0051">
  <unit id="0052">Aécio disse que as denúncias de Costa, que acertou regime de delação premiada (quando recebe benefícios na acusação em troca de informações úteis à investigação), expõem "algo absolutamente vergonhoso". "E só existe um instrumento à disposição dos brasileiros para limparmos a vida publica do país, o voto", completou.</unit id="0052">
  <unit id="0053">Questionado sobre nomes de políticos citados por Costa como envolvidos no suposto esquema, Aécio disse desconhecer detalhes da investigação e que, por isso, é preciso ter cautela em acusações nominais. "É preciso que todos que todos que tenham responsabilidade sejam gravemente punidos."</unit id="0053">
  <unit id="0054">O tucano afirmou ainda que o caso mostra que "durante os últimos nove anos o mensalão continua a existir nesse governo". "Agora financiado pela nossa principal empresa, a Petrobras."</unit id="0054">