<?xml version='1.0' encoding='UTF-8'?>
<document>
  <info type="id" value="0075"/>
  <info type="schema" value="paragraphs"/>
  <info type="source" value="R075"/>
  <info type="source-corpus" value="C1"/>
  <info type="annotator" value="uam"/>
  <unit id="0807">Um dos formuladores da política energética durante a campanha de Luiz Inácio Lula da Silva em 2002, Sauer foi diretor de Gás e Energia da estatal por quase cinco anos.</unit id="0807">
  <unit id="0808">Foi afastado em 2007 após atrito com Dilma e substituído no cargo pela atual presidente da Petrobras, Maria das Graças Foster. Desde então tornou-se ácido crítico do governo petista.</unit id="0808">
  <unit id="0809">Ele está entre os 11 executivos da empresas responsabilizados pelo TCU (Tribunal de Contas da União) pelo prejuízo na compra da refinaria de Pasadena. Ele afirma que participou de apenas uma das etapas da negociação e seguiu critérios técnicos para aprová-la.</unit id="0809">
  <unit id="0810">A coordenação da campanha de Marina afirmou que o convidou para o evento, sem confirmar sua participação na elaboração do programa de governo.</unit id="0810">
  <unit id="0811">Sauer diz que foi convidado por Fernando Siqueira, vice-presidente do Clube de Engenharia e candidato a deputado federal pelo PPL, partido da coligação de Marina.</unit id="0811">
  <unit id="0812">ªSou amigo da Marina. Mas ela nunca me convidou a participar da campanha, nem eu quero ser convidado. Eu vou aonde me chamam para ouvir meus pitacos, seja quem tiver me chamadoº, afirmou Sauer.</unit id="0812">
  <unit id="0813">O ex-diretor disse que conversou em junho com o então candidato do PSB Eduardo Campos sobre política energética, pré-sal e Petrobras. Este foi, afirmou, o único contato com a campanha socialista.</unit id="0813">
  <unit id="0814">Enquanto era diretor da Petrobras, Sauer se opôs à pressão, vinda principalmente de Lula, para que a empresa garantisse fornecimento de gás às usinas termelétricas. O então presidente temia um apagão. O atrito fez com que se tornasse desafeto da então ministra de Minas e Energia e presidente do conselho da empresa, Dilma Rousseff.</unit id="0814">
  <unit id="0815">O ato promovido pela campanha de Marina visa combater a estratégia petista de vinculá-la a um eventual ªabandonoº do pré-sal. Em seu programa, ela afirma que o petróleo se manterá "fonte importante na matriz energética", mas defende investimento em novas tecnologias.</unit id="0815">
  <unit id="0816">Sauer falará ao lado do presidente do PSB, Roberto Amaral. O evento ocorrerá no Clube de Engenharia.</unit id="0816">
  <unit id="0817">O ex-diretor da Petrobras Ildo Sauer vai participar nesta quinta-feira (11) de ato de campanha de Marina Silva (PSB). O evento tem como objetivo expor a posição da candidata à Presidência sobre o pré-sal, alvo de ataques por parte da presidente de Dilma Rousseff, que tenta reeleição.</unit id="0817">