<?xml version='1.0' encoding='UTF-8'?>
<document>
  <info type="id" value="0061"/>
  <info type="schema" value="paragraphs"/>
  <info type="source" value="R061"/>
  <info type="source-corpus" value="C1"/>
  <info type="annotator" value="uam"/>
  <unit id="0705">Marina diz que ‘pré-sal não será usado para corrupção’</unit id="0705">
  <unit id="0706">Dos ataques desferidos por seus adversários, o que mais parece ter incomodado Marina Silva foi a afirmação da presidente-candidata Dilma Rousseff de que a ex-senadora é contra o pré-sal. A irritação foi tanta que a campanha do PSB protocolou uma representação contra Dilma no Tribunal Superior Eleitoral (TSE) pedindo um minuto de direito de resposta no programa da petista veiculado à tarde e à noite na TV. Na propaganda do PT, Dilma diz que a luta pela defesa do pré-sal é "particularmente importante porque surgem vozes que ameaçam essa riqueza nacional". "A candidata Marina Silva é uma delas, pois tem defendido o fim da prioridade ao pré-sal. Em termos práticos, isso significaria abandonar ou desacelerar a exploração dessa imensa fonte de riqueza com consequências terríveis para o desenvolvimento do Brasil", diz a petista em seu programa. A defesa da campanha considera desproporcional os ataques da campanha petista, uma vez que Dilma tem mais de 11 minutos de tempo de TV, enquanto Marina tem pouco mais de dois minutos para tentar rebater tais acusações. "Priorizar a energia limpa não quer dizer que você vai eliminar os outros meios. O que ela (Dilma) faz é uma grande maldade", declarou Ricardo Penteado, coordenador jurídico da campanha. (com Estadão Conteúdo)</unit id="0706">
  <unit id="0707">Marina muda estratégia e decide reagir a ataques</unit id="0707">