<?xml version='1.0' encoding='UTF-8'?>
<document>
  <info type="id" value="0115"/>
  <info type="schema" value="paragraphs"/>
  <info type="source" value="R115"/>
  <info type="source-corpus" value="C1"/>
  <info type="annotator" value="uam"/>
  <unit id="1251">Em Goiás, Ibope aponta: Marina tem 34%, Dilma, 29%, e Aécio, 19%                                                  Margem de erro é de três pontos percentuais, para mais ou para menos. Instituto entrevistou 812 eleitores no estado entre 7 e 9 de setembro.</unit id="1251">
  <unit id="1252">No ES, Marina tem 36%, Dilma, 26%, e Aécio, 18%, aponta Ibope                                                  Demais candidatos atingem, cada um, até 1% das respostas. Instituto ouviu 812 eleitores entre terça-feira (26) e quinta-feira (28).</unit id="1252">
  <unit id="1253">A pesquisa está registrada no Tribunal Regional Eleitoral com o número Nº AM-00039/2014 e no Tribunal Superior Eleitoral sob protocolo Nº BR-00616/2014.</unit id="1253">
  <unit id="1254">Encontrou algum erro? Fale conosco</unit id="1254">
  <unit id="1255">Omar Aziz lidera disputa pelo Senado no Amazonas com 48%, diz Ibope</unit id="1255">
  <unit id="1256">No AM, Ibope aponta: Dilma, 48%, Aécio, 19%, e Campos, 10%</unit id="1256">
  <unit id="1257">No AM, Ibope aponta: Dilma, 48%, Aécio, 19%, e Campos, 10%                                                  Margem de erro é de três pontos percentuais, para mais ou para menos. Candidatos disputam Presidência da República.</unit id="1257">