<?xml version='1.0' encoding='UTF-8'?>
<document>
  <info type="id" value="0109"/>
  <info type="schema" value="paragraphs"/>
  <info type="source" value="R109"/>
  <info type="source-corpus" value="C1"/>
  <info type="annotator" value="uam"/>
  <unit id="1193">PT ataca Marina e afirma que adversária pretende desacelerar programa de extração do pré-sal. Aécio afirma que fez oposição ao governo</unit id="1193">
  <unit id="1194">A propaganda eleitoral de Dilma Rousseff exibida na noite desta quinta-feira utilizou um discurso do o ex-presidente Lula faz em que ele faz uma defesa do pré-sal. Ao lado de Dilma e quase afônico, ele afirma: “Tem gente que quer acabar com o pré-sal. Se for necessário, querida, me chame que eu vou mergulhar e vou lá no fundo buscar petróleo porque é esse petróleo que vai dar a nossa juventude a oportunidade de estudar”, afirma.</unit id="1194">
  <unit id="1195">O tema do pré-sal vem sendo usado repetidamente pelo PT para atacar a candidatura de Marina Silva. A campanha petista alega que a adversária pretende desacelerar os investimentos na exploração de petróleo da camada de pré-sal.</unit id="1195">
  <unit id="1196">A candidata do PSB abordou a corrupção em sua peça eleitoral e apontou desperdício de recursos federais: "O dinheiro do BNDES, em vez de ir para empresários falidos, será encaminhado para projetos educacionais, como escolas de tempo integral. Hoje, o dinheiro é desviado pela corrupção, é desperdiçado". Em um programa no estilo perguntas e respostas, a ambientalista falou sobre Bolsa Família, pré-sal, autonomia do Banco Central e metas para a educação.</unit id="1196">
  <unit id="1197">O tucano Aécio Neves também abordou programas voltados para educação. No final da inserção, o locutor afirma que “a eleição tem três principais candidatos”. E começa a pontuar a trajetória de Marina no PT. Frisa que Marina permaneceu no partido mesmo depois da revelação do mensalão. Marina manteve-se “fiel” ao partido. Na TV, uma foto lado a lado de Marina e Dilma, com legenda em vermelho, frisa a palavra mensalão. Na sequência, a narração diz que Aécio sempre fez oposição. “Dilma promete as mudanças que não fez. E Marina promete a nova política que nem sempre praticou”, encerra.</unit id="1197">
  <unit id="1198">Leia também: Dilma diz que Marina 'se faz de vítima' e Neca Setubal defende interesse de banqueiros</unit id="1198">