<?xml version='1.0' encoding='UTF-8'?>
<document>
  <info type="id" value="0074"/>
  <info type="schema" value="paragraphs"/>
  <info type="source" value="R074"/>
  <info type="source-corpus" value="C1"/>
  <info type="annotator" value="uam"/>
  <unit id="0798">O Ministério do Desenvolvimento Social informou nesta quarta-feira (10) por meio de nota que as conclusões do TCU sobre os programas sociais do governo revelam "ignorância" dos técnicos do tribunal e são "equivocadas".</unit id="0798">
  <unit id="0799">Segundo o ministério, o relatório do TCU "parte de premissas erradas para chegar a conclusões equivocadas sobre o Programa Bolsa Família e outras políticas".</unit id="0799">
  <unit id="0800">"O texto revela ignorância dos técnicos sobre os critérios internacionais de mensuração de pobreza, desconhecimento da legislação e até mesmo erros de cronologia que induziram os ministros a equívoco".</unit id="0800">
  <unit id="0801">Ainda segundo o texto, o "documento produzido pelo TCU desconsiderou as respostas e esclarecimentos técnicos prestados pelo MDS".</unit id="0801">
  <unit id="0802">O ministério informou ainda estranhar o "posicionamento político" no caso, acusando o órgão de destacar no relatório somente projetos do candidato do PSDB à presidência, senador Aécio Neves, entre centenas de outros em tramitação no Congresso.</unit id="0802">
  <unit id="0803">"É estranho o posicionamento político expresso no relatório do TCU às vésperas das eleições presidenciais, questionando o aumento do gasto em assistência social em 1.220%".</unit id="0803">
  <unit id="0804">E continua dizendo que o "gasto com assistência social expressa a opção política sustentável deste governo em investir na população pobre por meio do aumento do Programa Bolsa Família e dos investimentos em serviços e benefícios de assistência social".</unit id="0804">
  <unit id="0805">A nota diz que causou "estupefação" a referência no relatório do TCU a dois projetos de lei do senador Aécio "entre centenas de projetos que tratam da matéria social, estes, inócuos, foram pinçados e abordados no relatório".</unit id="0805">
  <unit id="0806">Em outra crítica, o MDS chama as posições do TCU de "simplistas e preconceituosas" e que o órgão "desconhece o direito à assistência social e à rede de proteção social, consolidada nos últimos anos".</unit id="0806">