<?xml version='1.0' encoding='UTF-8'?>
<document>
  <info type="id" value="0060"/>
  <info type="schema" value="paragraphs"/>
  <info type="source" value="R060"/>
  <info type="source-corpus" value="C1"/>
  <info type="annotator" value="uam"/>
  <unit id="0702">A presidenta Dilma Rousseff confirmou nesta segunda-feira 8 que, se for reeleita, o ministro da Fazenda, Guido Mantega, não vai permanecer no cargo. De acordo com Dilma, o próprio ministro não deseja continuar em um eventual segundo mandato.</unit id="0702">
  <unit id="0703">"O Guido Mantega já me comunicou que não tem como ficar no governo em um segundo mandato que por ventura eu tenha, por questões eminentemente pessoais", afirmou Dilma. Em entrevista ao jornal O Estado de S.Paulo, Dilma comentou as declarações dadas por ela na semana passada, a respeito de mudanças na equipe, e disse não ter se referido especificamente a Mantega, mas a todo o governo. "Eu falei isso em tese, vale para todo mundo", afirmou.</unit id="0703">
  <unit id="0704">Dilma voltou a dizer que não vai nomear nenhum ministro até assumir um novo mandato, caso seja reeleita. E, mais uma vez, mostrou otimismo com relação à economia. "O  Brasil tem condições robustas de passar por nova fase", afirmou.</unit id="0704">