<?xml version='1.0' encoding='UTF-8'?>
<document>
  <info type="id" value="0002"/>
  <info type="schema" value="paragraphs"/>
  <info type="source" value="R002"/>
  <info type="source-corpus" value="C1"/>
  <info type="annotator" value="uam"/>
  <unit id="0014">O presidente do PT, Rui Falcão, acusou na noite deste sábado (6) o presidenciável do PSDB, Aécio Neves, de "demonstrar descontrole" e partir para a "agressão rasteira" contra o partido ao gravar um vídeo no qual chamou as informações sobre a delação premiada do ex-diretor da Petrobras Paulo Roberto Costa de "mensalão dois".</unit id="0014">
  <unit id="0015">Falcão, em nota divulgada à imprensa, disse que a equipe jurídica do partido vai avaliar para tomar as medidas jurídicas cabíveis.</unit id="0015">
  <unit id="0016">"Aécio faz coro a denúncias sem provas veiculadas pela imprensa a partir de um processo de delação premiada, que, em si, já carrega toda a suspeição comum a esses procedimentos", afirmou o petista.</unit id="0016">
  <unit id="0017">Segundo Falcão, é "cômico " ouvir alguém do PSDB falar em dinheiro sujo e lembrou casos de corrupção envolvendo os tucanos.</unit id="0017">
  <unit id="0018">Ele citou o mensalão mineiro, o esquema de corrupção nas obras do Metrô de São Paulo e a "construção de um aeroporto na fazenda de um parente do candidato", que foi revelada pela Folha.</unit id="0018">
  <unit id="0019">Para o presidente do PT, Aécio deveria se preocupar com o debate eleitoral democrático e de alto nível e não usar "acusações chulas e sem fundamento" na briga para tirar a legenda do poder.</unit id="0019">
  <unit id="0020">"Ao contrário do que diz o candidato, o PT não precisa de subterfúgios para se manter no poder. Nossa luta é na rua, batalhando voto a voto a preferência dos eleitores", disse.</unit id="0020">
  <unit id="0021">"A gravidade das acusações do candidato tucano não podem ficar sem a resposta cabível. O vídeo está sendo analisado pelos advogados do nosso partido e as devidas providências jurídicas serão tomadas. O candidato Aécio, até pelo sobrenome que carrega, deveria pelo menos manter a dignidade enquanto caminha para a irrelevância.", completou.</unit id="0021">
  <unit id="0022">Aécio gravou um vídeo divulgado em suas páginas nas redes sociais para falar sobre o assunto. Ele cumpre agenda no interior de São Paulo.</unit id="0022">
  <unit id="0023">"O Brasil acordou hoje perplexo com as mais graves denúncias de corrupção da nossa história recente. Está aí o 'mensalão 2': é o governo do PT patrocinando o assalto às nossas empresas públicas para a manutenção do seu projeto de poder", atacou Aécio.</unit id="0023">