<?xml version='1.0' encoding='UTF-8'?>
<document>
  <info type="id" value="0062"/>
  <info type="schema" value="paragraphs"/>
  <info type="source" value="R062"/>
  <info type="source-corpus" value="C1"/>
  <info type="annotator" value="uam"/>
  <unit id="0708">A presidente Dilma Rousseff (PT) pode não ter a mesma sorte do ex-presidente Lula (PT), que saiu "ileso" do escândalo do mensalão, segundo a revista britânica The Economist, em artigo publicado em sua edição online. A publicação compara o mensalão às denúncias de um esquema de propina na Petrobras e diz que a delação do ex-diretor da estatal Paulo Roberto Costa pode afetar o resultado das eleições.</unit id="0708">
  <unit id="0709">"Lula teve um ano para sacudir a poeira, enquanto desta vez Dilma tem somente um mês até o dia do pleito", afirma a Economist, destacando que vencer Marina Silva (PSB) já era um forte desafio para a petista. O artigo aponta que o nome de Eduardo Campos também foi citado por Costa, mas argumenta que nenhum outro nome ligado ao PSB foi envolvido e que Marina é vista como uma pessoa "ética" pela maioria dos brasileiros.</unit id="0709">
  <unit id="0710">Como a delação de Costa impacta a corrida eleitoral</unit id="0710">
  <unit id="0711">Conheça os nomes dos políticos citados por Paulo Roberto Costa</unit id="0711">
  <unit id="0712">A revista destaca que a delação de Costa precisará ser "cuidadosamente corroborada". "Mas a questão deve despertar memórias de deslizes do PT que a presidente vem tentando arduamente colocar para trás", diz a publicação. "Não ajuda a presidente o fato de que, se forem verdade, os desvios alegados na Petrobras aconteceram debaixo do seu nariz, primeiro como ministra de Minas e Energia de Lula, depois como presidente do conselho administrativo da companhia."</unit id="0712">
  <unit id="0713">Segundo a Economist, a campanha eleitoral, que já havia recomeçado do zero após a morte de Eduardo Campos, foi "sacudida" novamente.</unit id="0713">
  <unit id="0714">(Com Estadão Conteúdo)</unit id="0714">
  <unit id="0715">Hoje os candidatos ao governo do Distrito Federal se enfrentam num grande debate realizado por VEJA. Todos confirmaram presença,mas o "condenado", em cima da hora, fugiu do enfrentamento. Os holofotes estarão voltados para o "rejeitado" e o "surfista" e o clima promete ser tenso. Entenda por quê.</unit id="0715">