<?xml version='1.0' encoding='UTF-8'?>
<document>
  <info type="id" value="0100"/>
  <info type="schema" value="paragraphs"/>
  <info type="source" value="R100"/>
  <info type="source-corpus" value="C1"/>
  <info type="annotator" value="uam"/>
  <unit id="1081">A candidata do PSB à Presidência, Marina Silva, usou o horário eleitoral desta quinta-feira (11) para responder às principais críticas feitas pela campanha da presidente Dilma Rousseff (PT).</unit id="1081">
  <unit id="1082">"Dilma, do PT, ataca Marina Silva, mas o diálogo de Marina é com o povo brasileiro", diz um locutor ao início do programa.</unit id="1082">
  <unit id="1083">No formato perguntas e resposta, a propaganda do PSB leva eleitores a questionarem Marina Silva sobre os assuntos sobre os quais ela tem sido mais atacada.</unit id="1083">
  <unit id="1084">"Marina, como fica o Bolsa Família no seu governo?", "Marina, como vai ser a exploração do pré-sal no seu governo?" e "Qual é o papel do Banco Central no seu governo?" foram algumas das perguntas que a ex-senadora respondeu no programa desta quinta.</unit id="1084">
  <unit id="1085">A avaliação dos dirigentes da campanha é de que Marina deve manter postura defensiva no primeiro turno, explicando suas propostas e fazendo o discurso de que é vítima de uma "indústria de boatos e calúnias".</unit id="1085">
  <unit id="1086">Enquanto a candidata do PSB dispõe de menos de três minutos no horário eleitoral, a campanha de Dilma conta com mais de 11 minutos para fazer críticas aos adversários.</unit id="1086">
  <unit id="1087">No segundo turno, os dois candidatos tem direito a dez minutos na TV e, então, avaliam os marineiros, será a hora de ir para o ataque.</unit id="1087">
  <unit id="1088">Nesta quinta, Dilma reprisou propaganda em que afirma que seu governo fez combate à corrupção e que ela 'tem as mãos limpas'. Também foi ao ar novamente o quadro que associa um eventual governo de Marina Silva a mais poder a banqueiros.</unit id="1088">
  <unit id="1089">AÉCIO</unit id="1089">
  <unit id="1090">A propaganda do candidato do PSDB, Aécio Neves, fez uma comparação entre as duas principais adversárias na corrida eleitoral, Dilma Rousseff e Marina Silva, e disse que elas "têm muitas coisas em comum".</unit id="1090">
  <unit id="1091">"Marina e Dilma foram contra o plano real", diz um locutor. "Marina e Dilma, durante o escândalo do mensalão, estavam juntas no governo do PT", prossegue.</unit id="1091">
  <unit id="1092">"Difícil imaginar um governo diferente com qualquer uma delas", conclui.</unit id="1092">
  <unit id="1093">O tucano ocupa a terceira posição na pesquisa de intenção de voto divulgada pelo Datafolha nesta quarta (10) e, portanto, estaria fora de um eventual segundo turno.</unit id="1093">
  <unit id="1094">Se a eleição fosse hoje, Aécio teria 15% dos votos, contra 36% de Dilma e 33% de Marina Silva. A margem de erro é de dois pontos percentuais, para mais ou para menos.</unit id="1094">