<?xml version='1.0' encoding='UTF-8'?>
<document>
  <info type="id" value="0072"/>
  <info type="schema" value="paragraphs"/>
  <info type="source" value="R072"/>
  <info type="source-corpus" value="C1"/>
  <info type="annotator" value="uam"/>
  <unit id="0778">A campanha da candidata do PSB à Presidência da República, Marina Silva, informou nesta quarta-feira (10) ter pedido ao Tribunal Superior Eleitoral (TSE) direito de resposta por peças de propaganda veiculadas na televisão pela coligação da presidente Dilma Rousseff (PT), candidata à reeleição.</unit id="0778">
  <unit id="0779">Segundo a coligação da ex-senadora, o PT veiculou nesta terça (9) distorções sobre as propostas de Marina Silva para a independência do Banco Central a e a exploração do petróleo do pré-sal, “em comerciais que atingem a imagem de Marina Silva e de sua candidatura”.</unit id="0779">
  <unit id="0780">Procurada pelo G1, a assessoria de imprensa da campanha da presidente Dilma informou não ter sido notificada judicialmente sobre a representação da coligação de Marina Silva e que somente após a notificação se manifestará sobre o assunto.</unit id="0780">
  <unit id="0781">“A Coligação Unidos pelo Brasil requer direito de resposta para restabelecer a verdade em torno da proposta de conceder autonomia institucional ao Banco Central, uma das medidas incluídas no programa de governo da candidata do PSB e usada por sua concorrente para criar pânico entre os eleitores, abordagem que fere flagrantemente a legislação eleitoral em vigor e não corresponde à verdade”, diz nota enviada pela campanha de Marina Silva.</unit id="0781">
  <unit id="0782">No vídeo sobre o Banco Central a campanha de Dilma diz: “A autonomia do Banco Central que a Marina defende é outro perigo para o país. Tornar o Banco Central independente é tirar do presidente da República e do Congresso Nacional, eleitos pelo povo, as decisões sobre a política econômica para o país para entregá-las aos bancos”.</unit id="0782">
  <unit id="0783">saiba mais 	 			Marina diz que autonomia do Banco Central foi 'corroída' no governo Dilma</unit id="0783">
  <unit id="0784">Dilma diz não ver necessidade de dar autonomia ao Banco Central</unit id="0784">
  <unit id="0785">Já na propaganda sobre o pré-sal, a campanha petista afirma que Dilma "tem feito muito pela educação e vai fazer muito mais porque tem novas propostas e garantiu por lei que 75% das riquezas que serão produzidas pelo pré-sal vão ser investidas obrigatoriamente em educação. É assim que faz uma presidente que faz e entende o Brasil, muito diferente de certa candidata que não quer dar prioridade à exploração do pré-sal, isso seria sacrificar o futuro da educação e o futuro do Brasil.”</unit id="0785">
  <unit id="0786">Nesta quarta, Marina afirmou durante entrevista em São Paulo que a autonomia do Banco Central é "consenso" entre os partidos desde o Plano Real. Em Brasília, Dilma disse não considerar necessário que o Banco Central tenha autonomia.</unit id="0786">
  <unit id="0787">Em nota, a campanha de Marina Silva diz que em momento algum o programa de governo da candidata do PSB associa a gestão do Banco Central à influência do mercado financeiro.</unit id="0787">
  <unit id="0788">“Não bastasse extrapolar a crítica política, tal abordagem distorce gravemente o que propõe o programa de governo de Marina Silva, segundo o qual a autonomia do Banco Central será estabelecida por lei aprovada pelo Congresso Nacional, que fixará mandatos para seus dirigentes e normas para a nomeação e destituição de sua diretoria”, diz a nota.</unit id="0788">
  <unit id="0789">Veja como foi o dia de campanha dos candidatos à presidência na terça (9)                                                  Dilma Rousseff, Marina Silva e Aécio Neves fizeram debates e falaram sobre educação, inclusão social e redução da maioridade penal.</unit id="0789">
  <unit id="0790">Confira como foi a terça-feira (9) dos principais candidatos à presidência                                                  Aécio Neves participa de comício em Goiânia; Marina Silva faz campanha em Minas Gerais; Dilma Rousseff participa de debate em São Paulo</unit id="0790">